run_id,processor,clock_mhz,quantization,window_size_s,feature_vector_dim,lstm_layers,inference_latency_ms,memory_usage_kb,cpu_utilization_pct,power_draw_mw,pipeline_frequency_hz,design_target_met,firmware_build
BM-00000,ARM Cortex-M33,64,INT8,1,60,3,7.67,300,20.61,72.33,10,True,NV-BAND-IND003
BM-00001,ARM Cortex-M33,64,INT8,1,60,3,27.45,1026,43.12,77.64,10,True,NV-BAND-IND003
BM-00002,ARM Cortex-M33,64,FLOAT32,1,60,3,7.0,287,32.62,59.04,10,True,NV-BAND-IND003
BM-00003,ARM Cortex-M33,64,INT8,1,60,3,27.79,1021,37.53,61.73,10,True,NV-BAND-IND003
BM-00004,ARM Cortex-M33,64,FLOAT32,1,60,3,7.4,302,40.11,59.54,10,True,NV-BAND-IND003
BM-00005,ARM Cortex-M33,64,INT8,1,60,3,28.86,984,29.91,53.71,10,True,NV-BAND-IND003
BM-00006,ARM Cortex-M33,64,INT8,1,60,3,7.88,280,43.48,45.86,10,True,NV-BAND-IND003
BM-00007,ARM Cortex-M33,64,FLOAT32,1,60,3,27.92,1045,25.22,42.25,10,True,NV-BAND-IND003
BM-00008,ARM Cortex-M33,64,INT8,1,60,3,6.88,319,34.18,47.42,10,True,NV-BAND-IND003
BM-00009,ARM Cortex-M33,64,INT8,1,60,3,28.94,924,28.5,51.45,10,True,NV-BAND-IND003
BM-00010,ARM Cortex-M33,64,FLOAT32,1,60,3,7.4,267,29.45,46.9,10,True,NV-BAND-IND003
BM-00011,ARM Cortex-M33,64,FLOAT32,1,60,3,26.24,1097,36.24,53.67,10,True,NV-BAND-IND003
BM-00012,ARM Cortex-M33,64,FLOAT32,1,60,3,6.97,290,33.81,70.15,10,True,NV-BAND-IND003
BM-00013,ARM Cortex-M33,64,FLOAT32,1,60,3,27.16,1117,39.14,61.01,10,True,NV-BAND-IND003
BM-00014,ARM Cortex-M33,64,FLOAT32,1,60,3,6.47,293,23.0,67.72,10,True,NV-BAND-IND003
BM-00015,ARM Cortex-M33,64,FLOAT32,1,60,3,29.2,1107,25.11,56.11,10,True,NV-BAND-IND003
BM-00016,ARM Cortex-M33,64,FLOAT32,1,60,3,7.16,289,39.68,60.31,10,True,NV-BAND-IND003
BM-00017,ARM Cortex-M33,64,INT8,1,60,3,29.92,1095,41.94,72.33,10,True,NV-BAND-IND003
BM-00018,ARM Cortex-M33,64,INT8,1,60,3,7.47,297,30.5,74.17,10,True,NV-BAND-IND003
BM-00019,ARM Cortex-M33,64,INT8,1,60,3,27.34,1016,20.81,65.38,10,True,NV-BAND-IND003
BM-00020,ARM Cortex-M33,64,FLOAT32,1,60,3,7.33,338,40.42,70.25,10,True,NV-BAND-IND003
BM-00021,ARM Cortex-M33,64,INT8,1,60,3,28.46,975,22.5,86.37,10,True,NV-BAND-IND003
BM-00022,ARM Cortex-M33,64,INT8,1,60,3,7.75,317,40.52,79.87,10,True,NV-BAND-IND003
BM-00023,ARM Cortex-M33,64,FLOAT32,1,60,3,28.22,1089,43.92,62.03,10,True,NV-BAND-IND003
BM-00024,ARM Cortex-M33,64,INT8,1,60,3,6.76,311,25.37,59.06,10,True,NV-BAND-IND003
BM-00025,ARM Cortex-M33,64,INT8,1,60,3,26.76,953,38.29,84.81,10,True,NV-BAND-IND003
BM-00026,ARM Cortex-M33,64,FLOAT32,1,60,3,7.34,357,35.19,65.97,10,True,NV-BAND-IND003
BM-00027,ARM Cortex-M33,64,INT8,1,60,3,25.19,1022,44.48,79.73,10,True,NV-BAND-IND003
BM-00028,ARM Cortex-M33,64,FLOAT32,1,60,3,7.46,314,30.29,51.28,10,True,NV-BAND-IND003
BM-00029,ARM Cortex-M33,64,FLOAT32,1,60,3,27.26,965,23.45,78.06,10,True,NV-BAND-IND003
BM-00030,ARM Cortex-M33,64,INT8,1,60,3,7.29,298,35.23,73.01,10,True,NV-BAND-IND003
BM-00031,ARM Cortex-M33,64,FLOAT32,1,60,3,24.77,1077,24.7,42.01,10,True,NV-BAND-IND003
BM-00032,ARM Cortex-M33,64,INT8,1,60,3,7.58,312,20.43,54.69,10,True,NV-BAND-IND003
BM-00033,ARM Cortex-M33,64,FLOAT32,1,60,3,27.67,1072,27.89,60.18,10,True,NV-BAND-IND003
BM-00034,ARM Cortex-M33,64,INT8,1,60,3,7.29,328,32.5,75.9,10,True,NV-BAND-IND003
BM-00035,ARM Cortex-M33,64,INT8,1,60,3,27.04,1083,43.74,67.28,10,True,NV-BAND-IND003
BM-00036,ARM Cortex-M33,64,FLOAT32,1,60,3,7.33,315,27.73,79.51,10,True,NV-BAND-IND003
BM-00037,ARM Cortex-M33,64,INT8,1,60,3,25.88,1036,34.98,50.95,10,True,NV-BAND-IND003
BM-00038,ARM Cortex-M33,64,FLOAT32,1,60,3,6.87,300,34.1,54.01,10,True,NV-BAND-IND003
BM-00039,ARM Cortex-M33,64,FLOAT32,1,60,3,26.42,976,32.17,67.7,10,True,NV-BAND-IND003
BM-00040,ARM Cortex-M33,64,FLOAT32,1,60,3,8.05,335,27.52,47.38,10,True,NV-BAND-IND003
BM-00041,ARM Cortex-M33,64,FLOAT32,1,60,3,29.7,968,42.53,79.4,10,True,NV-BAND-IND003
BM-00042,ARM Cortex-M33,64,FLOAT32,1,60,3,7.23,288,37.44,86.44,10,True,NV-BAND-IND003
BM-00043,ARM Cortex-M33,64,FLOAT32,1,60,3,26.57,982,39.56,76.84,10,True,NV-BAND-IND003
BM-00044,ARM Cortex-M33,64,FLOAT32,1,60,3,7.7,304,37.08,83.24,10,True,NV-BAND-IND003
BM-00045,ARM Cortex-M33,64,INT8,1,60,3,28.68,1051,31.5,53.86,10,True,NV-BAND-IND003
BM-00046,ARM Cortex-M33,64,FLOAT32,1,60,3,8.12,285,35.74,87.73,10,True,NV-BAND-IND003
BM-00047,ARM Cortex-M33,64,INT8,1,60,3,28.91,1075,40.4,60.97,10,True,NV-BAND-IND003
BM-00048,ARM Cortex-M33,64,FLOAT32,1,60,3,6.81,330,32.46,42.45,10,True,NV-BAND-IND003
BM-00049,ARM Cortex-M33,64,FLOAT32,1,60,3,27.8,1013,24.95,46.28,10,True,NV-BAND-IND003
BM-00050,ARM Cortex-M33,64,FLOAT32,1,60,3,6.87,299,20.13,84.84,10,True,NV-BAND-IND003
BM-00051,ARM Cortex-M33,64,FLOAT32,1,60,3,29.86,1024,26.79,52.05,10,True,NV-BAND-IND003
BM-00052,ARM Cortex-M33,64,FLOAT32,1,60,3,7.51,297,23.12,76.32,10,True,NV-BAND-IND003
BM-00053,ARM Cortex-M33,64,INT8,1,60,3,26.46,1072,31.97,51.18,10,True,NV-BAND-IND003
BM-00054,ARM Cortex-M33,64,INT8,1,60,3,6.66,304,42.44,51.51,10,True,NV-BAND-IND003
BM-00055,ARM Cortex-M33,64,INT8,1,60,3,27.44,1029,41.38,80.47,10,True,NV-BAND-IND003
BM-00056,ARM Cortex-M33,64,FLOAT32,1,60,3,7.13,319,22.37,46.91,10,True,NV-BAND-IND003
BM-00057,ARM Cortex-M33,64,INT8,1,60,3,28.23,1057,36.92,72.52,10,True,NV-BAND-IND003
BM-00058,ARM Cortex-M33,64,INT8,1,60,3,6.81,306,39.4,66.91,10,True,NV-BAND-IND003
BM-00059,ARM Cortex-M33,64,INT8,1,60,3,28.83,1064,41.74,59.08,10,True,NV-BAND-IND003
BM-00060,ARM Cortex-M33,64,FLOAT32,1,60,3,6.65,318,31.79,87.33,10,True,NV-BAND-IND003
BM-00061,ARM Cortex-M33,64,FLOAT32,1,60,3,25.03,1026,31.74,87.28,10,True,NV-BAND-IND003
BM-00062,ARM Cortex-M33,64,FLOAT32,1,60,3,7.96,294,29.14,76.51,10,True,NV-BAND-IND003
BM-00063,ARM Cortex-M33,64,INT8,1,60,3,26.4,1058,19.52,78.77,10,True,NV-BAND-IND003
BM-00064,ARM Cortex-M33,64,FLOAT32,1,60,3,6.58,300,44.31,43.5,10,True,NV-BAND-IND003
BM-00065,ARM Cortex-M33,64,FLOAT32,1,60,3,28.12,995,29.02,73.57,10,True,NV-BAND-IND003
BM-00066,ARM Cortex-M33,64,INT8,1,60,3,7.11,325,30.8,47.54,10,True,NV-BAND-IND003
BM-00067,ARM Cortex-M33,64,FLOAT32,1,60,3,27.91,1036,26.84,42.39,10,True,NV-BAND-IND003
BM-00068,ARM Cortex-M33,64,INT8,1,60,3,7.06,318,28.62,46.63,10,True,NV-BAND-IND003
BM-00069,ARM Cortex-M33,64,FLOAT32,1,60,3,27.25,1044,35.16,53.95,10,True,NV-BAND-IND003
BM-00070,ARM Cortex-M33,64,FLOAT32,1,60,3,7.0,308,24.64,63.68,10,True,NV-BAND-IND003
BM-00071,ARM Cortex-M33,64,FLOAT32,1,60,3,26.21,1022,28.25,64.94,10,True,NV-BAND-IND003
BM-00072,ARM Cortex-M33,64,INT8,1,60,3,6.88,291,29.73,76.6,10,True,NV-BAND-IND003
BM-00073,ARM Cortex-M33,64,FLOAT32,1,60,3,27.71,1033,41.92,54.86,10,True,NV-BAND-IND003
BM-00074,ARM Cortex-M33,64,INT8,1,60,3,7.51,304,34.0,87.05,10,True,NV-BAND-IND003
BM-00075,ARM Cortex-M33,64,INT8,1,60,3,27.89,1048,40.8,75.16,10,True,NV-BAND-IND003
BM-00076,ARM Cortex-M33,64,INT8,1,60,3,7.38,297,33.55,81.39,10,True,NV-BAND-IND003
BM-00077,ARM Cortex-M33,64,INT8,1,60,3,27.58,1040,22.08,86.12,10,True,NV-BAND-IND003
BM-00078,ARM Cortex-M33,64,INT8,1,60,3,7.2,274,31.24,42.45,10,True,NV-BAND-IND003
BM-00079,ARM Cortex-M33,64,FLOAT32,1,60,3,27.59,1123,31.99,87.8,10,True,NV-BAND-IND003
BM-00080,ARM Cortex-M33,64,FLOAT32,1,60,3,7.06,298,39.99,55.8,10,True,NV-BAND-IND003
BM-00081,ARM Cortex-M33,64,INT8,1,60,3,27.85,1038,29.16,73.76,10,True,NV-BAND-IND003
BM-00082,ARM Cortex-M33,64,INT8,1,60,3,7.68,289,24.03,53.7,10,True,NV-BAND-IND003
BM-00083,ARM Cortex-M33,64,INT8,1,60,3,28.28,1050,30.6,57.39,10,True,NV-BAND-IND003
BM-00084,ARM Cortex-M33,64,FLOAT32,1,60,3,7.14,318,28.09,67.64,10,True,NV-BAND-IND003
BM-00085,ARM Cortex-M33,64,FLOAT32,1,60,3,28.64,1063,27.64,60.94,10,True,NV-BAND-IND003
BM-00086,ARM Cortex-M33,64,FLOAT32,1,60,3,6.74,326,42.29,86.3,10,True,NV-BAND-IND003
BM-00087,ARM Cortex-M33,64,INT8,1,60,3,27.32,1027,34.15,71.89,10,True,NV-BAND-IND003
BM-00088,ARM Cortex-M33,64,INT8,1,60,3,7.23,309,45.42,55.09,10,True,NV-BAND-IND003
BM-00089,ARM Cortex-M33,64,FLOAT32,1,60,3,28.83,1020,36.85,64.42,10,True,NV-BAND-IND003
BM-00090,ARM Cortex-M33,64,FLOAT32,1,60,3,6.75,304,42.91,59.53,10,True,NV-BAND-IND003
BM-00091,ARM Cortex-M33,64,FLOAT32,1,60,3,27.61,1079,30.99,86.0,10,True,NV-BAND-IND003
BM-00092,ARM Cortex-M33,64,INT8,1,60,3,7.44,296,35.94,84.71,10,True,NV-BAND-IND003
BM-00093,ARM Cortex-M33,64,FLOAT32,1,60,3,30.38,1035,35.68,68.3,10,True,NV-BAND-IND003
BM-00094,ARM Cortex-M33,64,INT8,1,60,3,7.71,309,20.22,57.81,10,True,NV-BAND-IND003
BM-00095,ARM Cortex-M33,64,FLOAT32,1,60,3,28.04,1061,26.87,55.4,10,True,NV-BAND-IND003
BM-00096,ARM Cortex-M33,64,FLOAT32,1,60,3,7.69,331,34.95,60.19,10,True,NV-BAND-IND003
BM-00097,ARM Cortex-M33,64,FLOAT32,1,60,3,28.45,1009,39.87,85.18,10,True,NV-BAND-IND003
BM-00098,ARM Cortex-M33,64,FLOAT32,1,60,3,6.97,317,29.59,50.46,10,True,NV-BAND-IND003
BM-00099,ARM Cortex-M33,64,INT8,1,60,3,28.52,1013,21.5,52.79,10,True,NV-BAND-IND003
BM-00100,ARM Cortex-M33,64,FLOAT32,1,60,3,7.63,338,44.33,74.23,10,True,NV-BAND-IND003
BM-00101,ARM Cortex-M33,64,INT8,1,60,3,26.3,986,23.9,60.26,10,True,NV-BAND-IND003
BM-00102,ARM Cortex-M33,64,INT8,1,60,3,7.14,317,19.79,82.42,10,True,NV-BAND-IND003
BM-00103,ARM Cortex-M33,64,INT8,1,60,3,26.77,1084,18.74,60.26,10,True,NV-BAND-IND003
BM-00104,ARM Cortex-M33,64,INT8,1,60,3,7.37,312,20.91,70.43,10,True,NV-BAND-IND003
BM-00105,ARM Cortex-M33,64,INT8,1,60,3,25.68,964,36.34,82.73,10,True,NV-BAND-IND003
BM-00106,ARM Cortex-M33,64,FLOAT32,1,60,3,7.31,273,24.42,75.93,10,True,NV-BAND-IND003
BM-00107,ARM Cortex-M33,64,FLOAT32,1,60,3,28.62,1016,35.54,48.04,10,True,NV-BAND-IND003
BM-00108,ARM Cortex-M33,64,INT8,1,60,3,8.5,353,18.8,72.52,10,True,NV-BAND-IND003
BM-00109,ARM Cortex-M33,64,FLOAT32,1,60,3,27.18,1019,42.2,63.49,10,True,NV-BAND-IND003
BM-00110,ARM Cortex-M33,64,FLOAT32,1,60,3,7.6,342,33.36,48.22,10,True,NV-BAND-IND003
BM-00111,ARM Cortex-M33,64,INT8,1,60,3,25.43,943,34.54,63.0,10,True,NV-BAND-IND003
BM-00112,ARM Cortex-M33,64,FLOAT32,1,60,3,6.95,322,32.66,71.42,10,True,NV-BAND-IND003
BM-00113,ARM Cortex-M33,64,FLOAT32,1,60,3,28.0,1072,43.45,64.16,10,True,NV-BAND-IND003
BM-00114,ARM Cortex-M33,64,INT8,1,60,3,6.72,270,40.53,62.33,10,True,NV-BAND-IND003
BM-00115,ARM Cortex-M33,64,FLOAT32,1,60,3,28.43,986,29.54,49.16,10,True,NV-BAND-IND003
BM-00116,ARM Cortex-M33,64,INT8,1,60,3,6.39,314,18.0,79.51,10,True,NV-BAND-IND003
BM-00117,ARM Cortex-M33,64,INT8,1,60,3,28.35,1018,27.63,63.58,10,True,NV-BAND-IND003
BM-00118,ARM Cortex-M33,64,INT8,1,60,3,7.02,309,37.26,64.63,10,True,NV-BAND-IND003
BM-00119,ARM Cortex-M33,64,FLOAT32,1,60,3,26.96,963,26.39,77.23,10,True,NV-BAND-IND003
BM-00120,ARM Cortex-M33,64,FLOAT32,1,60,3,6.91,321,34.72,78.65,10,True,NV-BAND-IND003
BM-00121,ARM Cortex-M33,64,FLOAT32,1,60,3,27.79,1031,23.28,82.58,10,True,NV-BAND-IND003
BM-00122,ARM Cortex-M33,64,FLOAT32,1,60,3,6.8,308,29.05,49.51,10,True,NV-BAND-IND003
BM-00123,ARM Cortex-M33,64,FLOAT32,1,60,3,24.79,1032,41.2,52.15,10,True,NV-BAND-IND003
BM-00124,ARM Cortex-M33,64,INT8,1,60,3,7.77,285,29.82,53.02,10,True,NV-BAND-IND003
BM-00125,ARM Cortex-M33,64,FLOAT32,1,60,3,26.7,1038,25.97,76.17,10,True,NV-BAND-IND003
BM-00126,ARM Cortex-M33,64,FLOAT32,1,60,3,7.7,303,29.56,81.26,10,True,NV-BAND-IND003
BM-00127,ARM Cortex-M33,64,INT8,1,60,3,26.57,935,21.83,47.08,10,True,NV-BAND-IND003
BM-00128,ARM Cortex-M33,64,FLOAT32,1,60,3,7.24,348,35.3,54.52,10,True,NV-BAND-IND003
BM-00129,ARM Cortex-M33,64,FLOAT32,1,60,3,27.73,1022,23.26,42.89,10,True,NV-BAND-IND003
BM-00130,ARM Cortex-M33,64,INT8,1,60,3,7.33,311,45.15,43.02,10,True,NV-BAND-IND003
BM-00131,ARM Cortex-M33,64,INT8,1,60,3,26.42,1061,25.9,47.75,10,True,NV-BAND-IND003
BM-00132,ARM Cortex-M33,64,FLOAT32,1,60,3,7.29,312,38.36,52.71,10,True,NV-BAND-IND003
BM-00133,ARM Cortex-M33,64,INT8,1,60,3,26.23,1082,18.41,51.99,10,True,NV-BAND-IND003
BM-00134,ARM Cortex-M33,64,FLOAT32,1,60,3,7.47,302,26.72,78.78,10,True,NV-BAND-IND003
BM-00135,ARM Cortex-M33,64,FLOAT32,1,60,3,28.6,1001,30.98,78.41,10,True,NV-BAND-IND003
BM-00136,ARM Cortex-M33,64,FLOAT32,1,60,3,6.89,298,20.25,76.53,10,True,NV-BAND-IND003
BM-00137,ARM Cortex-M33,64,INT8,1,60,3,25.27,1045,19.57,77.68,10,True,NV-BAND-IND003
BM-00138,ARM Cortex-M33,64,INT8,1,60,3,6.47,289,33.21,50.35,10,True,NV-BAND-IND003
BM-00139,ARM Cortex-M33,64,FLOAT32,1,60,3,24.91,1020,40.88,80.1,10,True,NV-BAND-IND003
BM-00140,ARM Cortex-M33,64,INT8,1,60,3,7.14,306,45.29,74.88,10,True,NV-BAND-IND003
BM-00141,ARM Cortex-M33,64,FLOAT32,1,60,3,26.15,971,39.59,62.38,10,True,NV-BAND-IND003
BM-00142,ARM Cortex-M33,64,INT8,1,60,3,7.39,302,23.58,75.82,10,True,NV-BAND-IND003
BM-00143,ARM Cortex-M33,64,INT8,1,60,3,27.78,984,32.59,87.18,10,True,NV-BAND-IND003
BM-00144,ARM Cortex-M33,64,FLOAT32,1,60,3,7.27,335,28.9,86.22,10,True,NV-BAND-IND003
BM-00145,ARM Cortex-M33,64,FLOAT32,1,60,3,28.1,1005,22.44,75.5,10,True,NV-BAND-IND003
BM-00146,ARM Cortex-M33,64,INT8,1,60,3,7.3,307,25.09,71.37,10,True,NV-BAND-IND003
BM-00147,ARM Cortex-M33,64,INT8,1,60,3,27.41,1009,28.09,44.4,10,True,NV-BAND-IND003
BM-00148,ARM Cortex-M33,64,INT8,1,60,3,7.13,315,45.25,52.85,10,True,NV-BAND-IND003
BM-00149,ARM Cortex-M33,64,FLOAT32,1,60,3,26.21,978,27.09,49.7,10,True,NV-BAND-IND003
BM-00150,ARM Cortex-M33,64,FLOAT32,1,60,3,6.64,283,34.37,60.21,10,True,NV-BAND-IND003
BM-00151,ARM Cortex-M33,64,INT8,1,60,3,25.94,1031,18.25,43.93,10,True,NV-BAND-IND003
BM-00152,ARM Cortex-M33,64,FLOAT32,1,60,3,6.84,321,37.28,49.13,10,True,NV-BAND-IND003
BM-00153,ARM Cortex-M33,64,INT8,1,60,3,27.44,935,24.96,65.0,10,True,NV-BAND-IND003
BM-00154,ARM Cortex-M33,64,FLOAT32,1,60,3,7.46,326,44.06,87.86,10,True,NV-BAND-IND003
BM-00155,ARM Cortex-M33,64,INT8,1,60,3,26.21,1042,19.67,71.65,10,True,NV-BAND-IND003
BM-00156,ARM Cortex-M33,64,INT8,1,60,3,6.86,313,21.52,52.7,10,True,NV-BAND-IND003
BM-00157,ARM Cortex-M33,64,FLOAT32,1,60,3,25.88,943,40.55,62.18,10,True,NV-BAND-IND003
BM-00158,ARM Cortex-M33,64,INT8,1,60,3,7.05,309,18.6,59.38,10,True,NV-BAND-IND003
BM-00159,ARM Cortex-M33,64,INT8,1,60,3,26.92,970,25.02,43.82,10,True,NV-BAND-IND003
BM-00160,ARM Cortex-M33,64,FLOAT32,1,60,3,7.04,316,33.65,66.97,10,True,NV-BAND-IND003
BM-00161,ARM Cortex-M33,64,FLOAT32,1,60,3,27.35,1032,23.31,50.58,10,True,NV-BAND-IND003
BM-00162,ARM Cortex-M33,64,FLOAT32,1,60,3,6.93,333,27.06,63.55,10,True,NV-BAND-IND003
BM-00163,ARM Cortex-M33,64,INT8,1,60,3,25.99,1045,19.93,49.13,10,True,NV-BAND-IND003
BM-00164,ARM Cortex-M33,64,FLOAT32,1,60,3,7.67,320,40.94,66.91,10,True,NV-BAND-IND003
BM-00165,ARM Cortex-M33,64,FLOAT32,1,60,3,27.16,1000,18.02,71.35,10,True,NV-BAND-IND003
BM-00166,ARM Cortex-M33,64,FLOAT32,1,60,3,7.61,286,38.54,82.61,10,True,NV-BAND-IND003
BM-00167,ARM Cortex-M33,64,FLOAT32,1,60,3,26.24,1006,39.73,52.98,10,True,NV-BAND-IND003
BM-00168,ARM Cortex-M33,64,INT8,1,60,3,7.7,318,36.43,66.79,10,True,NV-BAND-IND003
BM-00169,ARM Cortex-M33,64,FLOAT32,1,60,3,26.24,1010,23.32,73.43,10,True,NV-BAND-IND003
BM-00170,ARM Cortex-M33,64,INT8,1,60,3,6.95,299,35.17,56.84,10,True,NV-BAND-IND003
BM-00171,ARM Cortex-M33,64,FLOAT32,1,60,3,28.57,962,21.09,66.07,10,True,NV-BAND-IND003
BM-00172,ARM Cortex-M33,64,INT8,1,60,3,7.84,326,19.23,85.14,10,True,NV-BAND-IND003
BM-00173,ARM Cortex-M33,64,INT8,1,60,3,28.71,1003,42.46,51.3,10,True,NV-BAND-IND003
BM-00174,ARM Cortex-M33,64,FLOAT32,1,60,3,7.14,286,23.37,43.46,10,True,NV-BAND-IND003
BM-00175,ARM Cortex-M33,64,FLOAT32,1,60,3,26.77,1046,36.42,66.19,10,True,NV-BAND-IND003
BM-00176,ARM Cortex-M33,64,FLOAT32,1,60,3,7.72,292,19.37,52.15,10,True,NV-BAND-IND003
BM-00177,ARM Cortex-M33,64,INT8,1,60,3,26.96,1017,18.37,84.37,10,True,NV-BAND-IND003
BM-00178,ARM Cortex-M33,64,FLOAT32,1,60,3,6.64,322,44.0,80.28,10,True,NV-BAND-IND003
BM-00179,ARM Cortex-M33,64,FLOAT32,1,60,3,26.53,1015,40.43,44.79,10,True,NV-BAND-IND003
BM-00180,ARM Cortex-M33,64,FLOAT32,1,60,3,7.02,297,41.02,78.54,10,True,NV-BAND-IND003
BM-00181,ARM Cortex-M33,64,INT8,1,60,3,27.39,1014,41.06,54.23,10,True,NV-BAND-IND003
BM-00182,ARM Cortex-M33,64,INT8,1,60,3,7.05,298,38.56,80.38,10,True,NV-BAND-IND003
BM-00183,ARM Cortex-M33,64,INT8,1,60,3,27.78,1098,44.45,86.19,10,True,NV-BAND-IND003
BM-00184,ARM Cortex-M33,64,INT8,1,60,3,7.26,329,20.83,52.63,10,True,NV-BAND-IND003
BM-00185,ARM Cortex-M33,64,FLOAT32,1,60,3,25.73,1031,23.3,66.2,10,True,NV-BAND-IND003
BM-00186,ARM Cortex-M33,64,INT8,1,60,3,6.76,285,33.96,85.59,10,True,NV-BAND-IND003
BM-00187,ARM Cortex-M33,64,FLOAT32,1,60,3,26.51,1077,38.89,77.25,10,True,NV-BAND-IND003
BM-00188,ARM Cortex-M33,64,FLOAT32,1,60,3,7.58,316,36.89,74.32,10,True,NV-BAND-IND003
BM-00189,ARM Cortex-M33,64,FLOAT32,1,60,3,25.56,1015,42.72,49.67,10,True,NV-BAND-IND003
BM-00190,ARM Cortex-M33,64,INT8,1,60,3,7.32,315,33.4,65.22,10,True,NV-BAND-IND003
BM-00191,ARM Cortex-M33,64,INT8,1,60,3,25.19,983,32.95,69.6,10,True,NV-BAND-IND003
BM-00192,ARM Cortex-M33,64,FLOAT32,1,60,3,7.17,321,43.27,67.3,10,True,NV-BAND-IND003
BM-00193,ARM Cortex-M33,64,FLOAT32,1,60,3,24.76,1016,41.66,60.97,10,True,NV-BAND-IND003
BM-00194,ARM Cortex-M33,64,FLOAT32,1,60,3,7.26,327,41.13,56.88,10,True,NV-BAND-IND003
BM-00195,ARM Cortex-M33,64,INT8,1,60,3,28.23,1050,33.77,51.84,10,True,NV-BAND-IND003
BM-00196,ARM Cortex-M33,64,FLOAT32,1,60,3,6.88,277,28.08,62.81,10,True,NV-BAND-IND003
BM-00197,ARM Cortex-M33,64,FLOAT32,1,60,3,26.93,1069,18.01,43.59,10,True,NV-BAND-IND003
BM-00198,ARM Cortex-M33,64,FLOAT32,1,60,3,7.76,324,34.68,65.81,10,True,NV-BAND-IND003
BM-00199,ARM Cortex-M33,64,FLOAT32,1,60,3,27.92,1041,18.18,87.28,10,True,NV-BAND-IND003
BM-00200,ARM Cortex-M33,64,INT8,1,60,3,6.98,309,41.96,43.0,10,True,NV-BAND-IND003
BM-00201,ARM Cortex-M33,64,FLOAT32,1,60,3,29.4,981,43.74,65.52,10,True,NV-BAND-IND003
BM-00202,ARM Cortex-M33,64,INT8,1,60,3,7.85,306,20.64,63.18,10,True,NV-BAND-IND003
BM-00203,ARM Cortex-M33,64,INT8,1,60,3,28.99,960,21.88,58.89,10,True,NV-BAND-IND003
BM-00204,ARM Cortex-M33,64,INT8,1,60,3,7.43,298,24.52,79.31,10,True,NV-BAND-IND003
BM-00205,ARM Cortex-M33,64,INT8,1,60,3,25.7,1033,33.97,68.18,10,True,NV-BAND-IND003
BM-00206,ARM Cortex-M33,64,INT8,1,60,3,7.6,296,38.56,75.28,10,True,NV-BAND-IND003
BM-00207,ARM Cortex-M33,64,FLOAT32,1,60,3,25.6,1019,22.84,79.98,10,True,NV-BAND-IND003
BM-00208,ARM Cortex-M33,64,INT8,1,60,3,7.17,321,34.67,55.82,10,True,NV-BAND-IND003
BM-00209,ARM Cortex-M33,64,FLOAT32,1,60,3,28.54,1021,20.2,44.57,10,True,NV-BAND-IND003
BM-00210,ARM Cortex-M33,64,FLOAT32,1,60,3,7.94,316,27.74,79.59,10,True,NV-BAND-IND003
BM-00211,ARM Cortex-M33,64,FLOAT32,1,60,3,26.98,951,44.05,47.54,10,True,NV-BAND-IND003
BM-00212,ARM Cortex-M33,64,INT8,1,60,3,7.09,305,38.94,81.08,10,True,NV-BAND-IND003
BM-00213,ARM Cortex-M33,64,INT8,1,60,3,28.55,1044,35.75,71.08,10,True,NV-BAND-IND003
BM-00214,ARM Cortex-M33,64,INT8,1,60,3,6.73,315,26.53,43.89,10,True,NV-BAND-IND003
BM-00215,ARM Cortex-M33,64,INT8,1,60,3,28.21,1092,27.15,74.1,10,True,NV-BAND-IND003
BM-00216,ARM Cortex-M33,64,INT8,1,60,3,7.56,325,19.41,75.65,10,True,NV-BAND-IND003
BM-00217,ARM Cortex-M33,64,FLOAT32,1,60,3,27.47,1041,45.19,76.63,10,True,NV-BAND-IND003
BM-00218,ARM Cortex-M33,64,INT8,1,60,3,7.7,288,24.22,55.33,10,True,NV-BAND-IND003
BM-00219,ARM Cortex-M33,64,FLOAT32,1,60,3,26.98,989,22.14,57.46,10,True,NV-BAND-IND003
BM-00220,ARM Cortex-M33,64,FLOAT32,1,60,3,7.35,334,34.0,44.27,10,True,NV-BAND-IND003
BM-00221,ARM Cortex-M33,64,FLOAT32,1,60,3,26.68,916,25.35,60.33,10,True,NV-BAND-IND003
BM-00222,ARM Cortex-M33,64,FLOAT32,1,60,3,7.04,328,39.67,48.0,10,True,NV-BAND-IND003
BM-00223,ARM Cortex-M33,64,INT8,1,60,3,28.05,1043,31.47,51.11,10,True,NV-BAND-IND003
BM-00224,ARM Cortex-M33,64,FLOAT32,1,60,3,7.09,288,36.26,51.02,10,True,NV-BAND-IND003
BM-00225,ARM Cortex-M33,64,INT8,1,60,3,28.02,986,24.78,54.25,10,True,NV-BAND-IND003
BM-00226,ARM Cortex-M33,64,FLOAT32,1,60,3,8.07,322,27.06,84.51,10,True,NV-BAND-IND003
BM-00227,ARM Cortex-M33,64,INT8,1,60,3,26.7,996,21.15,61.02,10,True,NV-BAND-IND003
BM-00228,ARM Cortex-M33,64,FLOAT32,1,60,3,7.16,307,27.75,56.75,10,True,NV-BAND-IND003
BM-00229,ARM Cortex-M33,64,INT8,1,60,3,28.74,1032,39.55,49.79,10,True,NV-BAND-IND003
BM-00230,ARM Cortex-M33,64,FLOAT32,1,60,3,6.91,346,35.25,87.55,10,True,NV-BAND-IND003
BM-00231,ARM Cortex-M33,64,FLOAT32,1,60,3,27.46,1058,35.45,62.26,10,True,NV-BAND-IND003
BM-00232,ARM Cortex-M33,64,INT8,1,60,3,6.96,318,23.59,59.2,10,True,NV-BAND-IND003
BM-00233,ARM Cortex-M33,64,INT8,1,60,3,27.77,938,21.15,44.51,10,True,NV-BAND-IND003
BM-00234,ARM Cortex-M33,64,INT8,1,60,3,8.01,335,42.33,79.73,10,True,NV-BAND-IND003
BM-00235,ARM Cortex-M33,64,INT8,1,60,3,26.92,974,27.61,79.0,10,True,NV-BAND-IND003
BM-00236,ARM Cortex-M33,64,FLOAT32,1,60,3,7.34,313,30.6,43.05,10,True,NV-BAND-IND003
BM-00237,ARM Cortex-M33,64,INT8,1,60,3,27.83,1032,38.72,51.75,10,True,NV-BAND-IND003
BM-00238,ARM Cortex-M33,64,FLOAT32,1,60,3,7.4,338,33.37,70.66,10,True,NV-BAND-IND003
BM-00239,ARM Cortex-M33,64,INT8,1,60,3,28.08,976,37.46,72.74,10,True,NV-BAND-IND003
BM-00240,ARM Cortex-M33,64,FLOAT32,1,60,3,7.75,341,34.32,72.52,10,True,NV-BAND-IND003
BM-00241,ARM Cortex-M33,64,INT8,1,60,3,31.18,973,25.15,44.77,10,True,NV-BAND-IND003
BM-00242,ARM Cortex-M33,64,INT8,1,60,3,7.3,274,40.1,70.43,10,True,NV-BAND-IND003
BM-00243,ARM Cortex-M33,64,INT8,1,60,3,28.06,999,31.02,85.48,10,True,NV-BAND-IND003
BM-00244,ARM Cortex-M33,64,INT8,1,60,3,7.97,298,28.88,54.48,10,True,NV-BAND-IND003
BM-00245,ARM Cortex-M33,64,FLOAT32,1,60,3,25.37,1002,42.2,42.88,10,True,NV-BAND-IND003
BM-00246,ARM Cortex-M33,64,FLOAT32,1,60,3,6.41,325,24.47,59.51,10,True,NV-BAND-IND003
BM-00247,ARM Cortex-M33,64,INT8,1,60,3,24.92,1025,43.31,64.29,10,True,NV-BAND-IND003
BM-00248,ARM Cortex-M33,64,INT8,1,60,3,6.37,306,23.22,65.03,10,True,NV-BAND-IND003
BM-00249,ARM Cortex-M33,64,FLOAT32,1,60,3,29.37,1040,33.7,74.77,10,True,NV-BAND-IND003
BM-00250,ARM Cortex-M33,64,INT8,1,60,3,6.85,311,24.93,66.35,10,True,NV-BAND-IND003
BM-00251,ARM Cortex-M33,64,FLOAT32,1,60,3,27.42,1045,31.72,76.24,10,True,NV-BAND-IND003
BM-00252,ARM Cortex-M33,64,INT8,1,60,3,6.65,322,27.71,58.19,10,True,NV-BAND-IND003
BM-00253,ARM Cortex-M33,64,FLOAT32,1,60,3,24.15,995,24.61,87.0,10,True,NV-BAND-IND003
BM-00254,ARM Cortex-M33,64,FLOAT32,1,60,3,7.0,323,40.73,70.79,10,True,NV-BAND-IND003
BM-00255,ARM Cortex-M33,64,FLOAT32,1,60,3,27.43,960,42.93,79.48,10,True,NV-BAND-IND003
BM-00256,ARM Cortex-M33,64,INT8,1,60,3,6.81,315,44.44,85.66,10,True,NV-BAND-IND003
BM-00257,ARM Cortex-M33,64,INT8,1,60,3,27.31,997,22.25,83.27,10,True,NV-BAND-IND003
BM-00258,ARM Cortex-M33,64,INT8,1,60,3,7.01,324,20.46,59.58,10,True,NV-BAND-IND003
BM-00259,ARM Cortex-M33,64,INT8,1,60,3,26.78,1020,29.69,68.35,10,True,NV-BAND-IND003
BM-00260,ARM Cortex-M33,64,FLOAT32,1,60,3,8.07,286,45.18,83.85,10,True,NV-BAND-IND003
BM-00261,ARM Cortex-M33,64,FLOAT32,1,60,3,25.18,1059,30.58,48.06,10,True,NV-BAND-IND003
BM-00262,ARM Cortex-M33,64,INT8,1,60,3,6.93,306,34.27,73.47,10,True,NV-BAND-IND003
BM-00263,ARM Cortex-M33,64,INT8,1,60,3,26.46,1012,42.15,56.21,10,True,NV-BAND-IND003
BM-00264,ARM Cortex-M33,64,INT8,1,60,3,7.84,326,30.04,83.81,10,True,NV-BAND-IND003
BM-00265,ARM Cortex-M33,64,INT8,1,60,3,28.43,960,36.37,67.98,10,True,NV-BAND-IND003
BM-00266,ARM Cortex-M33,64,INT8,1,60,3,6.74,260,26.89,67.64,10,True,NV-BAND-IND003
BM-00267,ARM Cortex-M33,64,INT8,1,60,3,26.43,1067,23.16,80.62,10,True,NV-BAND-IND003
BM-00268,ARM Cortex-M33,64,INT8,1,60,3,7.41,308,38.36,77.21,10,True,NV-BAND-IND003
BM-00269,ARM Cortex-M33,64,FLOAT32,1,60,3,27.37,993,44.91,55.95,10,True,NV-BAND-IND003
BM-00270,ARM Cortex-M33,64,FLOAT32,1,60,3,7.28,325,22.25,50.64,10,True,NV-BAND-IND003
BM-00271,ARM Cortex-M33,64,INT8,1,60,3,25.46,1037,23.17,77.07,10,True,NV-BAND-IND003
BM-00272,ARM Cortex-M33,64,FLOAT32,1,60,3,7.57,304,34.96,70.17,10,True,NV-BAND-IND003
BM-00273,ARM Cortex-M33,64,INT8,1,60,3,28.24,1150,24.47,43.2,10,True,NV-BAND-IND003
BM-00274,ARM Cortex-M33,64,INT8,1,60,3,7.16,319,37.27,63.92,10,True,NV-BAND-IND003
BM-00275,ARM Cortex-M33,64,FLOAT32,1,60,3,26.51,1032,37.94,59.2,10,True,NV-BAND-IND003
BM-00276,ARM Cortex-M33,64,FLOAT32,1,60,3,7.38,315,31.76,48.33,10,True,NV-BAND-IND003
BM-00277,ARM Cortex-M33,64,INT8,1,60,3,26.18,1033,24.34,60.8,10,True,NV-BAND-IND003
BM-00278,ARM Cortex-M33,64,INT8,1,60,3,7.78,320,43.91,85.71,10,True,NV-BAND-IND003
BM-00279,ARM Cortex-M33,64,INT8,1,60,3,28.55,1013,38.79,87.46,10,True,NV-BAND-IND003
BM-00280,ARM Cortex-M33,64,INT8,1,60,3,7.5,317,19.85,84.65,10,True,NV-BAND-IND003
BM-00281,ARM Cortex-M33,64,FLOAT32,1,60,3,26.26,1038,42.28,64.54,10,True,NV-BAND-IND003
BM-00282,ARM Cortex-M33,64,FLOAT32,1,60,3,6.8,300,42.27,82.83,10,True,NV-BAND-IND003
BM-00283,ARM Cortex-M33,64,FLOAT32,1,60,3,27.63,1037,29.34,43.92,10,True,NV-BAND-IND003
BM-00284,ARM Cortex-M33,64,FLOAT32,1,60,3,6.72,330,38.17,60.13,10,True,NV-BAND-IND003
BM-00285,ARM Cortex-M33,64,INT8,1,60,3,28.09,992,32.58,62.77,10,True,NV-BAND-IND003
BM-00286,ARM Cortex-M33,64,INT8,1,60,3,6.58,309,42.58,53.3,10,True,NV-BAND-IND003
BM-00287,ARM Cortex-M33,64,FLOAT32,1,60,3,26.86,1029,45.55,43.81,10,True,NV-BAND-IND003
BM-00288,ARM Cortex-M33,64,FLOAT32,1,60,3,7.05,275,32.45,71.01,10,True,NV-BAND-IND003
BM-00289,ARM Cortex-M33,64,INT8,1,60,3,26.93,1010,23.32,62.22,10,True,NV-BAND-IND003
BM-00290,ARM Cortex-M33,64,FLOAT32,1,60,3,7.45,299,39.66,55.15,10,True,NV-BAND-IND003
BM-00291,ARM Cortex-M33,64,INT8,1,60,3,29.41,937,29.83,70.2,10,True,NV-BAND-IND003
BM-00292,ARM Cortex-M33,64,INT8,1,60,3,7.72,307,37.32,83.57,10,True,NV-BAND-IND003
BM-00293,ARM Cortex-M33,64,FLOAT32,1,60,3,28.43,1027,41.24,62.78,10,True,NV-BAND-IND003
BM-00294,ARM Cortex-M33,64,INT8,1,60,3,7.66,305,23.03,68.93,10,True,NV-BAND-IND003
BM-00295,ARM Cortex-M33,64,INT8,1,60,3,26.08,1087,29.01,56.88,10,True,NV-BAND-IND003
BM-00296,ARM Cortex-M33,64,INT8,1,60,3,7.15,315,23.01,69.15,10,True,NV-BAND-IND003
BM-00297,ARM Cortex-M33,64,INT8,1,60,3,28.88,977,42.71,46.15,10,True,NV-BAND-IND003
BM-00298,ARM Cortex-M33,64,FLOAT32,1,60,3,7.44,301,37.37,83.73,10,True,NV-BAND-IND003
BM-00299,ARM Cortex-M33,64,INT8,1,60,3,27.24,1027,38.11,47.68,10,True,NV-BAND-IND003
BM-00300,ARM Cortex-M33,64,INT8,1,60,3,6.6,297,37.77,71.17,10,True,NV-BAND-IND003
BM-00301,ARM Cortex-M33,64,INT8,1,60,3,29.02,1063,32.67,59.67,10,True,NV-BAND-IND003
BM-00302,ARM Cortex-M33,64,INT8,1,60,3,7.17,316,28.6,59.51,10,True,NV-BAND-IND003
BM-00303,ARM Cortex-M33,64,INT8,1,60,3,27.05,1085,43.54,68.01,10,True,NV-BAND-IND003
BM-00304,ARM Cortex-M33,64,INT8,1,60,3,7.12,316,22.54,48.65,10,True,NV-BAND-IND003
BM-00305,ARM Cortex-M33,64,INT8,1,60,3,28.78,989,29.75,56.24,10,True,NV-BAND-IND003
BM-00306,ARM Cortex-M33,64,FLOAT32,1,60,3,7.82,284,26.09,50.31,10,True,NV-BAND-IND003
BM-00307,ARM Cortex-M33,64,INT8,1,60,3,29.36,1007,44.89,42.16,10,True,NV-BAND-IND003
BM-00308,ARM Cortex-M33,64,FLOAT32,1,60,3,7.1,277,18.34,64.89,10,True,NV-BAND-IND003
BM-00309,ARM Cortex-M33,64,FLOAT32,1,60,3,26.85,977,33.22,42.26,10,True,NV-BAND-IND003
BM-00310,ARM Cortex-M33,64,FLOAT32,1,60,3,6.96,309,24.66,69.09,10,True,NV-BAND-IND003
BM-00311,ARM Cortex-M33,64,FLOAT32,1,60,3,28.55,1033,30.7,62.33,10,True,NV-BAND-IND003
BM-00312,ARM Cortex-M33,64,INT8,1,60,3,7.32,292,24.85,67.18,10,True,NV-BAND-IND003
BM-00313,ARM Cortex-M33,64,INT8,1,60,3,26.34,1104,19.37,48.82,10,True,NV-BAND-IND003
BM-00314,ARM Cortex-M33,64,FLOAT32,1,60,3,6.91,341,19.03,81.28,10,True,NV-BAND-IND003
BM-00315,ARM Cortex-M33,64,FLOAT32,1,60,3,27.11,1024,27.27,46.03,10,True,NV-BAND-IND003
BM-00316,ARM Cortex-M33,64,INT8,1,60,3,7.63,334,29.67,50.2,10,True,NV-BAND-IND003
BM-00317,ARM Cortex-M33,64,FLOAT32,1,60,3,27.27,1006,35.11,73.81,10,True,NV-BAND-IND003
BM-00318,ARM Cortex-M33,64,INT8,1,60,3,7.18,318,45.06,76.47,10,True,NV-BAND-IND003
BM-00319,ARM Cortex-M33,64,FLOAT32,1,60,3,28.47,1024,44.08,46.28,10,True,NV-BAND-IND003
BM-00320,ARM Cortex-M33,64,FLOAT32,1,60,3,7.45,341,27.04,83.29,10,True,NV-BAND-IND003
BM-00321,ARM Cortex-M33,64,INT8,1,60,3,27.86,1038,39.24,80.79,10,True,NV-BAND-IND003
BM-00322,ARM Cortex-M33,64,INT8,1,60,3,6.59,264,26.2,48.19,10,True,NV-BAND-IND003
BM-00323,ARM Cortex-M33,64,FLOAT32,1,60,3,27.87,1019,27.22,61.03,10,True,NV-BAND-IND003
BM-00324,ARM Cortex-M33,64,INT8,1,60,3,6.99,316,37.48,70.15,10,True,NV-BAND-IND003
BM-00325,ARM Cortex-M33,64,INT8,1,60,3,27.33,1074,34.0,87.05,10,True,NV-BAND-IND003
BM-00326,ARM Cortex-M33,64,INT8,1,60,3,7.23,298,31.54,73.68,10,True,NV-BAND-IND003
BM-00327,ARM Cortex-M33,64,FLOAT32,1,60,3,28.59,1014,29.96,81.0,10,True,NV-BAND-IND003
BM-00328,ARM Cortex-M33,64,FLOAT32,1,60,3,7.41,303,32.71,87.77,10,True,NV-BAND-IND003
BM-00329,ARM Cortex-M33,64,FLOAT32,1,60,3,26.62,1027,43.96,70.26,10,True,NV-BAND-IND003
BM-00330,ARM Cortex-M33,64,FLOAT32,1,60,3,7.21,320,32.55,71.07,10,True,NV-BAND-IND003
BM-00331,ARM Cortex-M33,64,FLOAT32,1,60,3,27.08,941,40.62,82.65,10,True,NV-BAND-IND003
BM-00332,ARM Cortex-M33,64,INT8,1,60,3,7.03,326,37.84,87.05,10,True,NV-BAND-IND003
BM-00333,ARM Cortex-M33,64,INT8,1,60,3,27.04,1012,21.31,63.38,10,True,NV-BAND-IND003
BM-00334,ARM Cortex-M33,64,INT8,1,60,3,7.59,299,38.65,51.54,10,True,NV-BAND-IND003
BM-00335,ARM Cortex-M33,64,FLOAT32,1,60,3,25.55,1016,29.59,57.35,10,True,NV-BAND-IND003
BM-00336,ARM Cortex-M33,64,INT8,1,60,3,7.01,294,18.32,51.25,10,True,NV-BAND-IND003
BM-00337,ARM Cortex-M33,64,FLOAT32,1,60,3,27.19,1046,25.12,45.12,10,True,NV-BAND-IND003
BM-00338,ARM Cortex-M33,64,FLOAT32,1,60,3,7.2,317,32.19,56.9,10,True,NV-BAND-IND003
BM-00339,ARM Cortex-M33,64,INT8,1,60,3,29.58,1008,21.19,57.33,10,True,NV-BAND-IND003
BM-00340,ARM Cortex-M33,64,FLOAT32,1,60,3,7.31,302,38.28,70.34,10,True,NV-BAND-IND003
BM-00341,ARM Cortex-M33,64,INT8,1,60,3,26.38,997,41.3,50.92,10,True,NV-BAND-IND003
BM-00342,ARM Cortex-M33,64,FLOAT32,1,60,3,7.01,318,43.82,64.04,10,True,NV-BAND-IND003
BM-00343,ARM Cortex-M33,64,FLOAT32,1,60,3,30.22,991,40.32,71.7,10,True,NV-BAND-IND003
BM-00344,ARM Cortex-M33,64,FLOAT32,1,60,3,7.03,310,22.35,63.19,10,True,NV-BAND-IND003
BM-00345,ARM Cortex-M33,64,FLOAT32,1,60,3,27.87,1035,30.95,79.45,10,True,NV-BAND-IND003
BM-00346,ARM Cortex-M33,64,INT8,1,60,3,7.71,268,41.38,55.77,10,True,NV-BAND-IND003
BM-00347,ARM Cortex-M33,64,FLOAT32,1,60,3,24.54,1001,33.54,42.86,10,True,NV-BAND-IND003
BM-00348,ARM Cortex-M33,64,FLOAT32,1,60,3,7.64,283,40.39,82.85,10,True,NV-BAND-IND003
BM-00349,ARM Cortex-M33,64,FLOAT32,1,60,3,23.79,1049,19.85,48.87,10,True,NV-BAND-IND003
BM-00350,ARM Cortex-M33,64,INT8,1,60,3,7.3,292,27.5,59.26,10,True,NV-BAND-IND003
BM-00351,ARM Cortex-M33,64,INT8,1,60,3,26.22,980,33.99,59.92,10,True,NV-BAND-IND003
BM-00352,ARM Cortex-M33,64,INT8,1,60,3,7.24,300,42.21,76.57,10,True,NV-BAND-IND003
BM-00353,ARM Cortex-M33,64,FLOAT32,1,60,3,27.99,895,37.88,54.49,10,True,NV-BAND-IND003
BM-00354,ARM Cortex-M33,64,INT8,1,60,3,6.86,291,31.92,52.93,10,True,NV-BAND-IND003
BM-00355,ARM Cortex-M33,64,FLOAT32,1,60,3,27.09,999,41.22,55.92,10,True,NV-BAND-IND003
BM-00356,ARM Cortex-M33,64,FLOAT32,1,60,3,7.52,278,22.9,59.21,10,True,NV-BAND-IND003
BM-00357,ARM Cortex-M33,64,INT8,1,60,3,27.45,1049,39.78,84.01,10,True,NV-BAND-IND003
BM-00358,ARM Cortex-M33,64,FLOAT32,1,60,3,7.94,303,32.17,78.76,10,True,NV-BAND-IND003
BM-00359,ARM Cortex-M33,64,INT8,1,60,3,27.79,942,23.33,84.49,10,True,NV-BAND-IND003
BM-00360,ARM Cortex-M33,64,FLOAT32,1,60,3,6.24,327,39.71,48.59,10,True,NV-BAND-IND003
BM-00361,ARM Cortex-M33,64,INT8,1,60,3,27.39,1077,41.02,85.15,10,True,NV-BAND-IND003
BM-00362,ARM Cortex-M33,64,INT8,1,60,3,6.65,321,23.75,43.68,10,True,NV-BAND-IND003
BM-00363,ARM Cortex-M33,64,FLOAT32,1,60,3,29.64,1042,37.98,66.03,10,True,NV-BAND-IND003
BM-00364,ARM Cortex-M33,64,INT8,1,60,3,7.31,312,26.71,44.03,10,True,NV-BAND-IND003
BM-00365,ARM Cortex-M33,64,INT8,1,60,3,25.51,1085,27.33,82.9,10,True,NV-BAND-IND003
BM-00366,ARM Cortex-M33,64,INT8,1,60,3,6.96,321,32.58,72.31,10,True,NV-BAND-IND003
BM-00367,ARM Cortex-M33,64,FLOAT32,1,60,3,25.52,970,18.63,76.89,10,True,NV-BAND-IND003
BM-00368,ARM Cortex-M33,64,INT8,1,60,3,7.77,305,26.98,50.86,10,True,NV-BAND-IND003
BM-00369,ARM Cortex-M33,64,FLOAT32,1,60,3,29.14,1020,32.9,77.55,10,True,NV-BAND-IND003
BM-00370,ARM Cortex-M33,64,INT8,1,60,3,6.46,328,25.63,49.24,10,True,NV-BAND-IND003
BM-00371,ARM Cortex-M33,64,INT8,1,60,3,26.69,1055,18.43,70.66,10,True,NV-BAND-IND003
BM-00372,ARM Cortex-M33,64,INT8,1,60,3,7.21,284,23.78,58.11,10,True,NV-BAND-IND003
BM-00373,ARM Cortex-M33,64,FLOAT32,1,60,3,27.6,1122,25.59,85.39,10,True,NV-BAND-IND003
BM-00374,ARM Cortex-M33,64,FLOAT32,1,60,3,7.4,310,34.07,49.88,10,True,NV-BAND-IND003
BM-00375,ARM Cortex-M33,64,FLOAT32,1,60,3,28.69,1033,35.17,57.58,10,True,NV-BAND-IND003
BM-00376,ARM Cortex-M33,64,FLOAT32,1,60,3,7.28,292,19.42,43.33,10,True,NV-BAND-IND003
BM-00377,ARM Cortex-M33,64,INT8,1,60,3,27.68,1070,20.97,44.47,10,True,NV-BAND-IND003
BM-00378,ARM Cortex-M33,64,FLOAT32,1,60,3,6.87,337,28.97,74.42,10,True,NV-BAND-IND003
BM-00379,ARM Cortex-M33,64,FLOAT32,1,60,3,27.29,984,35.26,56.37,10,True,NV-BAND-IND003
BM-00380,ARM Cortex-M33,64,INT8,1,60,3,7.6,306,37.96,72.86,10,True,NV-BAND-IND003
BM-00381,ARM Cortex-M33,64,INT8,1,60,3,28.31,1010,45.26,76.76,10,True,NV-BAND-IND003
BM-00382,ARM Cortex-M33,64,FLOAT32,1,60,3,7.18,320,33.9,46.27,10,True,NV-BAND-IND003
BM-00383,ARM Cortex-M33,64,FLOAT32,1,60,3,27.75,934,20.72,56.28,10,True,NV-BAND-IND003
BM-00384,ARM Cortex-M33,64,FLOAT32,1,60,3,6.75,328,31.18,85.58,10,True,NV-BAND-IND003
BM-00385,ARM Cortex-M33,64,INT8,1,60,3,27.24,1000,42.11,70.38,10,True,NV-BAND-IND003
BM-00386,ARM Cortex-M33,64,FLOAT32,1,60,3,6.66,292,28.98,74.18,10,True,NV-BAND-IND003
BM-00387,ARM Cortex-M33,64,FLOAT32,1,60,3,24.97,1019,40.09,82.59,10,True,NV-BAND-IND003
BM-00388,ARM Cortex-M33,64,FLOAT32,1,60,3,6.96,294,31.65,45.01,10,True,NV-BAND-IND003
BM-00389,ARM Cortex-M33,64,INT8,1,60,3,27.32,1040,27.84,63.22,10,True,NV-BAND-IND003
BM-00390,ARM Cortex-M33,64,INT8,1,60,3,8.04,284,25.9,58.04,10,True,NV-BAND-IND003
BM-00391,ARM Cortex-M33,64,INT8,1,60,3,28.79,1067,32.22,60.66,10,True,NV-BAND-IND003
BM-00392,ARM Cortex-M33,64,INT8,1,60,3,6.89,315,27.12,71.87,10,True,NV-BAND-IND003
BM-00393,ARM Cortex-M33,64,FLOAT32,1,60,3,26.85,1032,32.92,60.44,10,True,NV-BAND-IND003
BM-00394,ARM Cortex-M33,64,FLOAT32,1,60,3,7.8,322,24.68,53.21,10,True,NV-BAND-IND003
BM-00395,ARM Cortex-M33,64,INT8,1,60,3,28.01,1004,45.27,59.66,10,True,NV-BAND-IND003
BM-00396,ARM Cortex-M33,64,FLOAT32,1,60,3,6.61,308,23.83,73.93,10,True,NV-BAND-IND003
BM-00397,ARM Cortex-M33,64,FLOAT32,1,60,3,28.85,955,39.96,62.03,10,True,NV-BAND-IND003
BM-00398,ARM Cortex-M33,64,FLOAT32,1,60,3,6.78,314,33.25,52.86,10,True,NV-BAND-IND003
BM-00399,ARM Cortex-M33,64,INT8,1,60,3,26.22,988,38.7,74.75,10,True,NV-BAND-IND003
BM-00400,ARM Cortex-M33,64,FLOAT32,1,60,3,7.03,287,21.2,69.42,10,True,NV-BAND-IND003
BM-00401,ARM Cortex-M33,64,FLOAT32,1,60,3,26.23,1055,33.54,79.81,10,True,NV-BAND-IND003
BM-00402,ARM Cortex-M33,64,INT8,1,60,3,6.68,283,26.63,60.67,10,True,NV-BAND-IND003
BM-00403,ARM Cortex-M33,64,INT8,1,60,3,26.64,1056,37.19,69.43,10,True,NV-BAND-IND003
BM-00404,ARM Cortex-M33,64,FLOAT32,1,60,3,7.12,303,27.17,71.67,10,True,NV-BAND-IND003
BM-00405,ARM Cortex-M33,64,INT8,1,60,3,27.45,945,20.53,79.58,10,True,NV-BAND-IND003
BM-00406,ARM Cortex-M33,64,INT8,1,60,3,7.4,318,39.2,72.4,10,True,NV-BAND-IND003
BM-00407,ARM Cortex-M33,64,FLOAT32,1,60,3,26.91,1069,32.88,59.94,10,True,NV-BAND-IND003
BM-00408,ARM Cortex-M33,64,FLOAT32,1,60,3,6.75,332,23.48,73.35,10,True,NV-BAND-IND003
BM-00409,ARM Cortex-M33,64,FLOAT32,1,60,3,27.59,1008,26.39,78.54,10,True,NV-BAND-IND003
BM-00410,ARM Cortex-M33,64,FLOAT32,1,60,3,7.19,310,43.72,85.09,10,True,NV-BAND-IND003
BM-00411,ARM Cortex-M33,64,FLOAT32,1,60,3,28.86,975,45.73,68.81,10,True,NV-BAND-IND003
BM-00412,ARM Cortex-M33,64,FLOAT32,1,60,3,6.89,330,41.73,81.22,10,True,NV-BAND-IND003
BM-00413,ARM Cortex-M33,64,INT8,1,60,3,26.69,1064,28.34,67.25,10,True,NV-BAND-IND003
BM-00414,ARM Cortex-M33,64,INT8,1,60,3,7.88,304,18.02,67.76,10,True,NV-BAND-IND003
BM-00415,ARM Cortex-M33,64,FLOAT32,1,60,3,28.22,972,21.07,54.98,10,True,NV-BAND-IND003
BM-00416,ARM Cortex-M33,64,INT8,1,60,3,7.5,315,24.59,74.3,10,True,NV-BAND-IND003
BM-00417,ARM Cortex-M33,64,FLOAT32,1,60,3,27.97,994,35.51,74.74,10,True,NV-BAND-IND003
BM-00418,ARM Cortex-M33,64,FLOAT32,1,60,3,6.54,321,28.68,67.08,10,True,NV-BAND-IND003
BM-00419,ARM Cortex-M33,64,INT8,1,60,3,24.92,1009,31.3,50.66,10,True,NV-BAND-IND003
BM-00420,ARM Cortex-M33,64,FLOAT32,1,60,3,7.58,315,41.61,58.57,10,True,NV-BAND-IND003
BM-00421,ARM Cortex-M33,64,FLOAT32,1,60,3,29.74,1070,22.32,87.88,10,True,NV-BAND-IND003
BM-00422,ARM Cortex-M33,64,INT8,1,60,3,6.94,312,21.76,45.3,10,True,NV-BAND-IND003
BM-00423,ARM Cortex-M33,64,INT8,1,60,3,27.34,952,22.03,82.7,10,True,NV-BAND-IND003
BM-00424,ARM Cortex-M33,64,FLOAT32,1,60,3,6.82,301,45.3,48.25,10,True,NV-BAND-IND003
BM-00425,ARM Cortex-M33,64,INT8,1,60,3,24.96,1026,35.98,61.13,10,True,NV-BAND-IND003
BM-00426,ARM Cortex-M33,64,FLOAT32,1,60,3,7.1,281,43.02,73.99,10,True,NV-BAND-IND003
BM-00427,ARM Cortex-M33,64,FLOAT32,1,60,3,27.89,1056,35.45,62.9,10,True,NV-BAND-IND003
BM-00428,ARM Cortex-M33,64,FLOAT32,1,60,3,7.29,306,33.46,62.7,10,True,NV-BAND-IND003
BM-00429,ARM Cortex-M33,64,FLOAT32,1,60,3,28.11,1054,24.32,61.54,10,True,NV-BAND-IND003
BM-00430,ARM Cortex-M33,64,INT8,1,60,3,7.32,297,34.18,80.95,10,True,NV-BAND-IND003
BM-00431,ARM Cortex-M33,64,INT8,1,60,3,27.73,1077,37.94,54.39,10,True,NV-BAND-IND003
BM-00432,ARM Cortex-M33,64,FLOAT32,1,60,3,6.96,349,18.94,43.74,10,True,NV-BAND-IND003
BM-00433,ARM Cortex-M33,64,FLOAT32,1,60,3,26.77,1025,37.74,47.21,10,True,NV-BAND-IND003
BM-00434,ARM Cortex-M33,64,FLOAT32,1,60,3,6.93,316,44.93,45.68,10,True,NV-BAND-IND003
BM-00435,ARM Cortex-M33,64,FLOAT32,1,60,3,25.31,999,31.02,45.6,10,True,NV-BAND-IND003
BM-00436,ARM Cortex-M33,64,INT8,1,60,3,6.76,314,24.87,71.01,10,True,NV-BAND-IND003
BM-00437,ARM Cortex-M33,64,INT8,1,60,3,28.59,1053,37.15,66.8,10,True,NV-BAND-IND003
BM-00438,ARM Cortex-M33,64,FLOAT32,1,60,3,6.25,348,35.17,83.56,10,True,NV-BAND-IND003
BM-00439,ARM Cortex-M33,64,INT8,1,60,3,27.75,989,31.13,65.58,10,True,NV-BAND-IND003
BM-00440,ARM Cortex-M33,64,FLOAT32,1,60,3,7.26,315,34.07,57.25,10,True,NV-BAND-IND003
BM-00441,ARM Cortex-M33,64,FLOAT32,1,60,3,26.6,1032,44.9,78.72,10,True,NV-BAND-IND003
BM-00442,ARM Cortex-M33,64,FLOAT32,1,60,3,6.96,304,22.69,73.97,10,True,NV-BAND-IND003
BM-00443,ARM Cortex-M33,64,FLOAT32,1,60,3,26.58,959,38.36,67.93,10,True,NV-BAND-IND003
BM-00444,ARM Cortex-M33,64,INT8,1,60,3,7.26,322,35.62,68.59,10,True,NV-BAND-IND003
BM-00445,ARM Cortex-M33,64,INT8,1,60,3,28.02,1060,36.38,55.42,10,True,NV-BAND-IND003
BM-00446,ARM Cortex-M33,64,INT8,1,60,3,7.33,302,26.03,45.8,10,True,NV-BAND-IND003
BM-00447,ARM Cortex-M33,64,INT8,1,60,3,28.41,962,41.84,54.78,10,True,NV-BAND-IND003
BM-00448,ARM Cortex-M33,64,INT8,1,60,3,6.84,294,35.24,54.66,10,True,NV-BAND-IND003
BM-00449,ARM Cortex-M33,64,FLOAT32,1,60,3,28.7,1066,18.4,47.13,10,True,NV-BAND-IND003
BM-00450,ARM Cortex-M33,64,INT8,1,60,3,7.39,331,43.48,75.99,10,True,NV-BAND-IND003
BM-00451,ARM Cortex-M33,64,FLOAT32,1,60,3,26.34,1039,28.35,50.07,10,True,NV-BAND-IND003
BM-00452,ARM Cortex-M33,64,INT8,1,60,3,7.15,327,31.58,78.77,10,True,NV-BAND-IND003
BM-00453,ARM Cortex-M33,64,INT8,1,60,3,27.26,1006,27.6,45.88,10,True,NV-BAND-IND003
BM-00454,ARM Cortex-M33,64,INT8,1,60,3,7.42,327,34.68,79.8,10,True,NV-BAND-IND003
BM-00455,ARM Cortex-M33,64,FLOAT32,1,60,3,26.6,1021,39.08,61.0,10,True,NV-BAND-IND003
BM-00456,ARM Cortex-M33,64,FLOAT32,1,60,3,6.78,267,24.66,62.25,10,True,NV-BAND-IND003
BM-00457,ARM Cortex-M33,64,INT8,1,60,3,27.64,1051,23.9,75.78,10,True,NV-BAND-IND003
BM-00458,ARM Cortex-M33,64,FLOAT32,1,60,3,7.3,276,19.52,54.16,10,True,NV-BAND-IND003
BM-00459,ARM Cortex-M33,64,INT8,1,60,3,26.98,924,19.47,63.34,10,True,NV-BAND-IND003
BM-00460,ARM Cortex-M33,64,FLOAT32,1,60,3,7.75,292,26.44,76.32,10,True,NV-BAND-IND003
BM-00461,ARM Cortex-M33,64,INT8,1,60,3,28.91,1066,28.63,74.46,10,True,NV-BAND-IND003
BM-00462,ARM Cortex-M33,64,FLOAT32,1,60,3,6.84,291,25.35,66.4,10,True,NV-BAND-IND003
BM-00463,ARM Cortex-M33,64,FLOAT32,1,60,3,27.82,986,18.33,84.65,10,True,NV-BAND-IND003
BM-00464,ARM Cortex-M33,64,FLOAT32,1,60,3,7.24,303,28.7,56.52,10,True,NV-BAND-IND003
BM-00465,ARM Cortex-M33,64,INT8,1,60,3,25.26,923,20.73,66.44,10,True,NV-BAND-IND003
BM-00466,ARM Cortex-M33,64,FLOAT32,1,60,3,7.29,301,44.77,61.86,10,True,NV-BAND-IND003
BM-00467,ARM Cortex-M33,64,FLOAT32,1,60,3,26.74,1055,27.38,54.29,10,True,NV-BAND-IND003
BM-00468,ARM Cortex-M33,64,INT8,1,60,3,7.67,307,25.15,68.87,10,True,NV-BAND-IND003
BM-00469,ARM Cortex-M33,64,FLOAT32,1,60,3,26.99,1046,39.65,76.46,10,True,NV-BAND-IND003
BM-00470,ARM Cortex-M33,64,INT8,1,60,3,6.66,316,32.56,73.18,10,True,NV-BAND-IND003
BM-00471,ARM Cortex-M33,64,INT8,1,60,3,28.06,1054,26.77,42.49,10,True,NV-BAND-IND003
BM-00472,ARM Cortex-M33,64,INT8,1,60,3,6.43,298,41.29,42.55,10,True,NV-BAND-IND003
BM-00473,ARM Cortex-M33,64,INT8,1,60,3,26.35,1028,32.71,73.53,10,True,NV-BAND-IND003
BM-00474,ARM Cortex-M33,64,FLOAT32,1,60,3,7.39,338,24.14,55.03,10,True,NV-BAND-IND003
BM-00475,ARM Cortex-M33,64,INT8,1,60,3,26.81,1001,18.95,70.49,10,True,NV-BAND-IND003
BM-00476,ARM Cortex-M33,64,INT8,1,60,3,7.66,317,44.28,72.2,10,True,NV-BAND-IND003
BM-00477,ARM Cortex-M33,64,INT8,1,60,3,28.92,1036,44.61,71.35,10,True,NV-BAND-IND003
BM-00478,ARM Cortex-M33,64,INT8,1,60,3,6.74,288,20.42,69.82,10,True,NV-BAND-IND003
BM-00479,ARM Cortex-M33,64,FLOAT32,1,60,3,25.54,1053,36.38,83.4,10,True,NV-BAND-IND003
BM-00480,ARM Cortex-M33,64,INT8,1,60,3,7.68,345,43.09,74.0,10,True,NV-BAND-IND003
BM-00481,ARM Cortex-M33,64,FLOAT32,1,60,3,28.41,1076,26.25,72.38,10,True,NV-BAND-IND003
BM-00482,ARM Cortex-M33,64,INT8,1,60,3,6.97,291,35.89,84.44,10,True,NV-BAND-IND003
BM-00483,ARM Cortex-M33,64,FLOAT32,1,60,3,28.42,1042,39.54,73.84,10,True,NV-BAND-IND003
BM-00484,ARM Cortex-M33,64,FLOAT32,1,60,3,7.24,318,25.21,77.91,10,True,NV-BAND-IND003
BM-00485,ARM Cortex-M33,64,FLOAT32,1,60,3,27.79,1081,39.76,59.61,10,True,NV-BAND-IND003
BM-00486,ARM Cortex-M33,64,FLOAT32,1,60,3,7.72,321,45.89,53.88,10,True,NV-BAND-IND003
BM-00487,ARM Cortex-M33,64,FLOAT32,1,60,3,28.41,1047,22.98,45.19,10,True,NV-BAND-IND003
BM-00488,ARM Cortex-M33,64,INT8,1,60,3,7.02,325,35.09,50.21,10,True,NV-BAND-IND003
BM-00489,ARM Cortex-M33,64,FLOAT32,1,60,3,25.73,1071,21.04,66.87,10,True,NV-BAND-IND003
BM-00490,ARM Cortex-M33,64,FLOAT32,1,60,3,6.72,317,24.11,71.59,10,True,NV-BAND-IND003
BM-00491,ARM Cortex-M33,64,FLOAT32,1,60,3,26.39,1048,38.03,46.75,10,True,NV-BAND-IND003
BM-00492,ARM Cortex-M33,64,INT8,1,60,3,7.19,283,19.97,75.47,10,True,NV-BAND-IND003
BM-00493,ARM Cortex-M33,64,FLOAT32,1,60,3,27.9,997,18.53,64.89,10,True,NV-BAND-IND003
BM-00494,ARM Cortex-M33,64,INT8,1,60,3,7.55,312,44.12,72.57,10,True,NV-BAND-IND003
BM-00495,ARM Cortex-M33,64,FLOAT32,1,60,3,27.87,980,22.25,57.17,10,True,NV-BAND-IND003
BM-00496,ARM Cortex-M33,64,FLOAT32,1,60,3,6.96,303,34.09,65.71,10,True,NV-BAND-IND003
BM-00497,ARM Cortex-M33,64,FLOAT32,1,60,3,28.43,1099,31.39,60.58,10,True,NV-BAND-IND003
BM-00498,ARM Cortex-M33,64,INT8,1,60,3,6.88,331,33.12,42.15,10,True,NV-BAND-IND003
BM-00499,ARM Cortex-M33,64,FLOAT32,1,60,3,24.8,970,21.39,66.62,10,True,NV-BAND-IND003
BM-00500,ARM Cortex-M33,64,FLOAT32,1,60,3,6.82,287,27.34,55.93,10,True,NV-BAND-IND003
BM-00501,ARM Cortex-M33,64,INT8,1,60,3,25.5,1042,35.7,86.11,10,True,NV-BAND-IND003
BM-00502,ARM Cortex-M33,64,INT8,1,60,3,7.11,318,28.23,81.25,10,True,NV-BAND-IND003
BM-00503,ARM Cortex-M33,64,FLOAT32,1,60,3,28.23,1035,20.25,63.14,10,True,NV-BAND-IND003
BM-00504,ARM Cortex-M33,64,FLOAT32,1,60,3,7.46,310,36.14,50.12,10,True,NV-BAND-IND003
BM-00505,ARM Cortex-M33,64,INT8,1,60,3,25.98,1071,45.09,72.39,10,True,NV-BAND-IND003
BM-00506,ARM Cortex-M33,64,FLOAT32,1,60,3,6.96,295,37.48,83.24,10,True,NV-BAND-IND003
BM-00507,ARM Cortex-M33,64,FLOAT32,1,60,3,27.19,982,31.62,82.72,10,True,NV-BAND-IND003
BM-00508,ARM Cortex-M33,64,FLOAT32,1,60,3,7.03,318,38.59,48.44,10,True,NV-BAND-IND003
BM-00509,ARM Cortex-M33,64,INT8,1,60,3,27.82,983,18.71,87.83,10,True,NV-BAND-IND003
BM-00510,ARM Cortex-M33,64,INT8,1,60,3,7.0,331,31.7,44.9,10,True,NV-BAND-IND003
BM-00511,ARM Cortex-M33,64,FLOAT32,1,60,3,28.0,1117,31.99,86.39,10,True,NV-BAND-IND003
BM-00512,ARM Cortex-M33,64,FLOAT32,1,60,3,7.67,332,45.06,42.76,10,True,NV-BAND-IND003
BM-00513,ARM Cortex-M33,64,FLOAT32,1,60,3,25.73,1058,19.57,78.24,10,True,NV-BAND-IND003
BM-00514,ARM Cortex-M33,64,INT8,1,60,3,7.18,302,29.35,51.74,10,True,NV-BAND-IND003
BM-00515,ARM Cortex-M33,64,FLOAT32,1,60,3,27.6,1066,44.32,82.03,10,True,NV-BAND-IND003
BM-00516,ARM Cortex-M33,64,INT8,1,60,3,7.4,296,38.75,52.72,10,True,NV-BAND-IND003
BM-00517,ARM Cortex-M33,64,INT8,1,60,3,28.29,995,19.03,48.51,10,True,NV-BAND-IND003
BM-00518,ARM Cortex-M33,64,INT8,1,60,3,7.29,306,31.19,84.23,10,True,NV-BAND-IND003
BM-00519,ARM Cortex-M33,64,INT8,1,60,3,27.14,1058,24.8,71.84,10,True,NV-BAND-IND003
BM-00520,ARM Cortex-M33,64,INT8,1,60,3,6.78,347,22.82,44.3,10,True,NV-BAND-IND003
BM-00521,ARM Cortex-M33,64,FLOAT32,1,60,3,25.21,997,40.98,46.48,10,True,NV-BAND-IND003
BM-00522,ARM Cortex-M33,64,INT8,1,60,3,7.35,322,41.39,44.94,10,True,NV-BAND-IND003
BM-00523,ARM Cortex-M33,64,INT8,1,60,3,27.28,1021,21.2,69.37,10,True,NV-BAND-IND003
BM-00524,ARM Cortex-M33,64,INT8,1,60,3,7.36,307,19.77,51.32,10,True,NV-BAND-IND003
BM-00525,ARM Cortex-M33,64,FLOAT32,1,60,3,29.07,1061,40.72,87.18,10,True,NV-BAND-IND003
BM-00526,ARM Cortex-M33,64,FLOAT32,1,60,3,7.55,294,27.08,86.89,10,True,NV-BAND-IND003
BM-00527,ARM Cortex-M33,64,INT8,1,60,3,27.3,1010,27.0,86.38,10,True,NV-BAND-IND003
BM-00528,ARM Cortex-M33,64,INT8,1,60,3,6.8,318,39.4,69.28,10,True,NV-BAND-IND003
BM-00529,ARM Cortex-M33,64,FLOAT32,1,60,3,26.75,1053,19.77,54.6,10,True,NV-BAND-IND003
BM-00530,ARM Cortex-M33,64,FLOAT32,1,60,3,6.77,342,22.71,59.02,10,True,NV-BAND-IND003
BM-00531,ARM Cortex-M33,64,INT8,1,60,3,26.32,1033,30.28,84.58,10,True,NV-BAND-IND003
BM-00532,ARM Cortex-M33,64,INT8,1,60,3,7.52,301,21.73,78.39,10,True,NV-BAND-IND003
BM-00533,ARM Cortex-M33,64,FLOAT32,1,60,3,28.42,968,39.77,42.72,10,True,NV-BAND-IND003
BM-00534,ARM Cortex-M33,64,FLOAT32,1,60,3,7.78,312,20.26,42.33,10,True,NV-BAND-IND003
BM-00535,ARM Cortex-M33,64,INT8,1,60,3,26.68,1010,37.79,69.31,10,True,NV-BAND-IND003
BM-00536,ARM Cortex-M33,64,FLOAT32,1,60,3,7.52,301,29.65,79.14,10,True,NV-BAND-IND003
BM-00537,ARM Cortex-M33,64,FLOAT32,1,60,3,26.5,1014,37.39,51.48,10,True,NV-BAND-IND003
BM-00538,ARM Cortex-M33,64,FLOAT32,1,60,3,6.73,344,32.65,60.95,10,True,NV-BAND-IND003
BM-00539,ARM Cortex-M33,64,INT8,1,60,3,26.72,1061,35.1,43.73,10,True,NV-BAND-IND003
BM-00540,ARM Cortex-M33,64,INT8,1,60,3,7.28,294,38.08,70.15,10,True,NV-BAND-IND003
BM-00541,ARM Cortex-M33,64,INT8,1,60,3,27.39,1059,35.56,78.0,10,True,NV-BAND-IND003
BM-00542,ARM Cortex-M33,64,FLOAT32,1,60,3,7.12,333,29.73,67.65,10,True,NV-BAND-IND003
BM-00543,ARM Cortex-M33,64,INT8,1,60,3,28.63,1065,21.29,66.39,10,True,NV-BAND-IND003
BM-00544,ARM Cortex-M33,64,INT8,1,60,3,7.02,292,35.33,81.69,10,True,NV-BAND-IND003
BM-00545,ARM Cortex-M33,64,INT8,1,60,3,26.66,1032,31.0,70.82,10,True,NV-BAND-IND003
BM-00546,ARM Cortex-M33,64,INT8,1,60,3,7.42,272,25.74,50.91,10,True,NV-BAND-IND003
BM-00547,ARM Cortex-M33,64,INT8,1,60,3,27.39,1031,37.19,86.55,10,True,NV-BAND-IND003
BM-00548,ARM Cortex-M33,64,FLOAT32,1,60,3,7.09,335,31.93,49.35,10,True,NV-BAND-IND003
BM-00549,ARM Cortex-M33,64,INT8,1,60,3,27.91,1082,19.51,58.75,10,True,NV-BAND-IND003
BM-00550,ARM Cortex-M33,64,INT8,1,60,3,7.11,328,30.17,57.38,10,True,NV-BAND-IND003
BM-00551,ARM Cortex-M33,64,FLOAT32,1,60,3,29.36,1083,19.21,76.06,10,True,NV-BAND-IND003
BM-00552,ARM Cortex-M33,64,INT8,1,60,3,6.76,307,22.43,43.34,10,True,NV-BAND-IND003
BM-00553,ARM Cortex-M33,64,INT8,1,60,3,26.99,1046,19.98,52.82,10,True,NV-BAND-IND003
BM-00554,ARM Cortex-M33,64,FLOAT32,1,60,3,7.47,296,34.6,56.99,10,True,NV-BAND-IND003
BM-00555,ARM Cortex-M33,64,INT8,1,60,3,27.48,933,38.92,83.33,10,True,NV-BAND-IND003
BM-00556,ARM Cortex-M33,64,INT8,1,60,3,7.78,302,39.81,57.0,10,True,NV-BAND-IND003
BM-00557,ARM Cortex-M33,64,INT8,1,60,3,27.47,1010,24.64,60.98,10,True,NV-BAND-IND003
BM-00558,ARM Cortex-M33,64,INT8,1,60,3,7.66,260,28.51,52.15,10,True,NV-BAND-IND003
BM-00559,ARM Cortex-M33,64,FLOAT32,1,60,3,27.38,1019,34.38,44.5,10,True,NV-BAND-IND003
BM-00560,ARM Cortex-M33,64,FLOAT32,1,60,3,7.02,343,22.06,84.68,10,True,NV-BAND-IND003
BM-00561,ARM Cortex-M33,64,FLOAT32,1,60,3,26.34,1058,22.99,59.18,10,True,NV-BAND-IND003
BM-00562,ARM Cortex-M33,64,FLOAT32,1,60,3,7.34,334,38.15,71.07,10,True,NV-BAND-IND003
BM-00563,ARM Cortex-M33,64,FLOAT32,1,60,3,26.6,991,23.66,47.85,10,True,NV-BAND-IND003
BM-00564,ARM Cortex-M33,64,INT8,1,60,3,7.64,319,25.86,47.11,10,True,NV-BAND-IND003
BM-00565,ARM Cortex-M33,64,FLOAT32,1,60,3,25.55,999,30.84,49.88,10,True,NV-BAND-IND003
BM-00566,ARM Cortex-M33,64,FLOAT32,1,60,3,7.35,327,24.16,55.58,10,True,NV-BAND-IND003
BM-00567,ARM Cortex-M33,64,INT8,1,60,3,26.58,892,40.11,71.35,10,True,NV-BAND-IND003
BM-00568,ARM Cortex-M33,64,INT8,1,60,3,7.41,290,34.19,67.43,10,True,NV-BAND-IND003
BM-00569,ARM Cortex-M33,64,INT8,1,60,3,24.98,896,20.42,81.42,10,True,NV-BAND-IND003
BM-00570,ARM Cortex-M33,64,FLOAT32,1,60,3,7.53,314,42.14,51.96,10,True,NV-BAND-IND003
BM-00571,ARM Cortex-M33,64,FLOAT32,1,60,3,27.13,1086,41.44,54.84,10,True,NV-BAND-IND003
BM-00572,ARM Cortex-M33,64,FLOAT32,1,60,3,7.45,341,38.61,53.35,10,True,NV-BAND-IND003
BM-00573,ARM Cortex-M33,64,FLOAT32,1,60,3,25.73,1022,30.16,52.23,10,True,NV-BAND-IND003
BM-00574,ARM Cortex-M33,64,INT8,1,60,3,6.55,307,43.59,83.32,10,True,NV-BAND-IND003
BM-00575,ARM Cortex-M33,64,FLOAT32,1,60,3,27.1,1052,45.45,43.84,10,True,NV-BAND-IND003
BM-00576,ARM Cortex-M33,64,FLOAT32,1,60,3,7.22,323,38.54,65.19,10,True,NV-BAND-IND003
BM-00577,ARM Cortex-M33,64,FLOAT32,1,60,3,28.24,1120,32.87,64.05,10,True,NV-BAND-IND003
BM-00578,ARM Cortex-M33,64,INT8,1,60,3,7.07,295,30.67,53.06,10,True,NV-BAND-IND003
BM-00579,ARM Cortex-M33,64,INT8,1,60,3,27.7,987,37.41,60.7,10,True,NV-BAND-IND003
BM-00580,ARM Cortex-M33,64,INT8,1,60,3,7.79,306,21.72,55.61,10,True,NV-BAND-IND003
BM-00581,ARM Cortex-M33,64,INT8,1,60,3,26.72,1002,18.45,72.78,10,True,NV-BAND-IND003
BM-00582,ARM Cortex-M33,64,INT8,1,60,3,7.49,309,37.69,81.46,10,True,NV-BAND-IND003
BM-00583,ARM Cortex-M33,64,INT8,1,60,3,26.63,1098,45.34,63.33,10,True,NV-BAND-IND003
BM-00584,ARM Cortex-M33,64,INT8,1,60,3,6.86,312,42.48,60.65,10,True,NV-BAND-IND003
BM-00585,ARM Cortex-M33,64,FLOAT32,1,60,3,28.18,950,35.55,74.38,10,True,NV-BAND-IND003
BM-00586,ARM Cortex-M33,64,INT8,1,60,3,7.39,293,42.09,45.25,10,True,NV-BAND-IND003
BM-00587,ARM Cortex-M33,64,FLOAT32,1,60,3,28.39,980,32.87,55.64,10,True,NV-BAND-IND003
BM-00588,ARM Cortex-M33,64,FLOAT32,1,60,3,7.48,331,37.55,70.18,10,True,NV-BAND-IND003
BM-00589,ARM Cortex-M33,64,INT8,1,60,3,28.43,1035,40.06,45.72,10,True,NV-BAND-IND003
BM-00590,ARM Cortex-M33,64,FLOAT32,1,60,3,7.11,301,38.6,44.52,10,True,NV-BAND-IND003
BM-00591,ARM Cortex-M33,64,FLOAT32,1,60,3,29.17,992,42.86,47.1,10,True,NV-BAND-IND003
BM-00592,ARM Cortex-M33,64,FLOAT32,1,60,3,6.79,323,31.03,43.88,10,True,NV-BAND-IND003
BM-00593,ARM Cortex-M33,64,FLOAT32,1,60,3,26.44,981,22.91,67.7,10,True,NV-BAND-IND003
BM-00594,ARM Cortex-M33,64,INT8,1,60,3,6.62,303,33.7,77.58,10,True,NV-BAND-IND003
BM-00595,ARM Cortex-M33,64,INT8,1,60,3,27.3,1034,45.48,52.98,10,True,NV-BAND-IND003
BM-00596,ARM Cortex-M33,64,INT8,1,60,3,7.58,321,36.17,75.92,10,True,NV-BAND-IND003
BM-00597,ARM Cortex-M33,64,INT8,1,60,3,27.17,1015,39.09,77.0,10,True,NV-BAND-IND003
BM-00598,ARM Cortex-M33,64,FLOAT32,1,60,3,7.4,334,27.88,54.3,10,True,NV-BAND-IND003
BM-00599,ARM Cortex-M33,64,FLOAT32,1,60,3,27.55,1002,25.76,44.91,10,True,NV-BAND-IND003
BM-00600,ARM Cortex-M33,64,FLOAT32,1,60,3,6.8,285,30.67,65.07,10,True,NV-BAND-IND003
BM-00601,ARM Cortex-M33,64,INT8,1,60,3,28.2,1050,31.16,66.47,10,True,NV-BAND-IND003
BM-00602,ARM Cortex-M33,64,FLOAT32,1,60,3,7.43,309,30.66,58.93,10,True,NV-BAND-IND003
BM-00603,ARM Cortex-M33,64,INT8,1,60,3,29.09,1002,23.27,82.66,10,True,NV-BAND-IND003
BM-00604,ARM Cortex-M33,64,INT8,1,60,3,7.58,311,20.24,83.31,10,True,NV-BAND-IND003
BM-00605,ARM Cortex-M33,64,FLOAT32,1,60,3,26.67,1050,44.83,45.54,10,True,NV-BAND-IND003
BM-00606,ARM Cortex-M33,64,INT8,1,60,3,7.36,318,25.73,74.07,10,True,NV-BAND-IND003
BM-00607,ARM Cortex-M33,64,FLOAT32,1,60,3,27.5,1022,22.21,51.4,10,True,NV-BAND-IND003
BM-00608,ARM Cortex-M33,64,INT8,1,60,3,8.16,333,26.21,86.6,10,True,NV-BAND-IND003
BM-00609,ARM Cortex-M33,64,INT8,1,60,3,28.27,1029,31.27,61.33,10,True,NV-BAND-IND003
BM-00610,ARM Cortex-M33,64,INT8,1,60,3,7.6,321,26.16,44.9,10,True,NV-BAND-IND003
BM-00611,ARM Cortex-M33,64,INT8,1,60,3,27.43,1010,41.38,65.9,10,True,NV-BAND-IND003
BM-00612,ARM Cortex-M33,64,FLOAT32,1,60,3,7.17,254,29.53,57.77,10,True,NV-BAND-IND003
BM-00613,ARM Cortex-M33,64,FLOAT32,1,60,3,27.65,1002,31.61,72.63,10,True,NV-BAND-IND003
BM-00614,ARM Cortex-M33,64,FLOAT32,1,60,3,7.84,312,30.82,68.09,10,True,NV-BAND-IND003
BM-00615,ARM Cortex-M33,64,FLOAT32,1,60,3,25.97,1021,22.81,53.96,10,True,NV-BAND-IND003
BM-00616,ARM Cortex-M33,64,FLOAT32,1,60,3,6.78,320,28.41,55.25,10,True,NV-BAND-IND003
BM-00617,ARM Cortex-M33,64,INT8,1,60,3,27.75,1067,22.15,55.08,10,True,NV-BAND-IND003
BM-00618,ARM Cortex-M33,64,INT8,1,60,3,6.88,312,35.32,49.4,10,True,NV-BAND-IND003
BM-00619,ARM Cortex-M33,64,FLOAT32,1,60,3,25.76,1055,23.1,50.07,10,True,NV-BAND-IND003
BM-00620,ARM Cortex-M33,64,INT8,1,60,3,7.41,320,22.52,47.38,10,True,NV-BAND-IND003
BM-00621,ARM Cortex-M33,64,FLOAT32,1,60,3,27.4,1042,34.09,62.28,10,True,NV-BAND-IND003
BM-00622,ARM Cortex-M33,64,FLOAT32,1,60,3,7.84,306,23.17,67.87,10,True,NV-BAND-IND003
BM-00623,ARM Cortex-M33,64,INT8,1,60,3,27.57,975,36.64,86.99,10,True,NV-BAND-IND003
BM-00624,ARM Cortex-M33,64,INT8,1,60,3,6.85,313,28.44,66.83,10,True,NV-BAND-IND003
BM-00625,ARM Cortex-M33,64,INT8,1,60,3,28.72,1012,32.94,47.59,10,True,NV-BAND-IND003
BM-00626,ARM Cortex-M33,64,INT8,1,60,3,7.11,304,29.33,64.97,10,True,NV-BAND-IND003
BM-00627,ARM Cortex-M33,64,INT8,1,60,3,26.76,1037,44.54,84.68,10,True,NV-BAND-IND003
BM-00628,ARM Cortex-M33,64,INT8,1,60,3,6.6,335,18.12,75.97,10,True,NV-BAND-IND003
BM-00629,ARM Cortex-M33,64,FLOAT32,1,60,3,26.6,1056,36.12,55.6,10,True,NV-BAND-IND003
BM-00630,ARM Cortex-M33,64,FLOAT32,1,60,3,6.69,324,45.15,76.69,10,True,NV-BAND-IND003
BM-00631,ARM Cortex-M33,64,INT8,1,60,3,28.21,1041,40.39,75.51,10,True,NV-BAND-IND003
BM-00632,ARM Cortex-M33,64,FLOAT32,1,60,3,6.8,316,27.48,47.17,10,True,NV-BAND-IND003
BM-00633,ARM Cortex-M33,64,FLOAT32,1,60,3,25.98,1012,43.2,48.41,10,True,NV-BAND-IND003
BM-00634,ARM Cortex-M33,64,INT8,1,60,3,7.61,326,26.63,60.47,10,True,NV-BAND-IND003
BM-00635,ARM Cortex-M33,64,INT8,1,60,3,27.42,980,30.49,46.25,10,True,NV-BAND-IND003
BM-00636,ARM Cortex-M33,64,INT8,1,60,3,7.46,312,35.03,50.98,10,True,NV-BAND-IND003
BM-00637,ARM Cortex-M33,64,INT8,1,60,3,24.62,1059,39.88,77.29,10,True,NV-BAND-IND003
BM-00638,ARM Cortex-M33,64,INT8,1,60,3,7.19,333,18.63,66.77,10,True,NV-BAND-IND003
BM-00639,ARM Cortex-M33,64,FLOAT32,1,60,3,26.09,881,36.96,86.05,10,True,NV-BAND-IND003
BM-00640,ARM Cortex-M33,64,FLOAT32,1,60,3,7.31,317,23.44,56.62,10,True,NV-BAND-IND003
BM-00641,ARM Cortex-M33,64,INT8,1,60,3,25.37,979,43.44,58.61,10,True,NV-BAND-IND003
BM-00642,ARM Cortex-M33,64,INT8,1,60,3,8.3,306,38.05,61.67,10,True,NV-BAND-IND003
BM-00643,ARM Cortex-M33,64,FLOAT32,1,60,3,28.28,994,28.44,55.09,10,True,NV-BAND-IND003
BM-00644,ARM Cortex-M33,64,FLOAT32,1,60,3,6.36,308,26.63,62.5,10,True,NV-BAND-IND003
BM-00645,ARM Cortex-M33,64,INT8,1,60,3,27.08,1006,24.04,82.84,10,True,NV-BAND-IND003
BM-00646,ARM Cortex-M33,64,FLOAT32,1,60,3,7.15,316,40.5,55.28,10,True,NV-BAND-IND003
BM-00647,ARM Cortex-M33,64,FLOAT32,1,60,3,27.22,967,38.4,61.05,10,True,NV-BAND-IND003
BM-00648,ARM Cortex-M33,64,INT8,1,60,3,7.39,276,22.02,55.95,10,True,NV-BAND-IND003
BM-00649,ARM Cortex-M33,64,FLOAT32,1,60,3,24.94,1057,19.85,86.16,10,True,NV-BAND-IND003
BM-00650,ARM Cortex-M33,64,FLOAT32,1,60,3,7.4,310,20.48,60.84,10,True,NV-BAND-IND003
BM-00651,ARM Cortex-M33,64,FLOAT32,1,60,3,25.73,992,29.61,67.57,10,True,NV-BAND-IND003
BM-00652,ARM Cortex-M33,64,INT8,1,60,3,7.09,283,23.58,80.29,10,True,NV-BAND-IND003
BM-00653,ARM Cortex-M33,64,FLOAT32,1,60,3,26.51,1053,33.51,43.94,10,True,NV-BAND-IND003
BM-00654,ARM Cortex-M33,64,FLOAT32,1,60,3,7.77,304,41.37,55.98,10,True,NV-BAND-IND003
BM-00655,ARM Cortex-M33,64,FLOAT32,1,60,3,28.31,937,24.29,78.4,10,True,NV-BAND-IND003
BM-00656,ARM Cortex-M33,64,INT8,1,60,3,7.46,297,25.35,85.98,10,True,NV-BAND-IND003
BM-00657,ARM Cortex-M33,64,FLOAT32,1,60,3,27.77,1012,21.48,72.63,10,True,NV-BAND-IND003
BM-00658,ARM Cortex-M33,64,FLOAT32,1,60,3,7.73,296,29.68,64.63,10,True,NV-BAND-IND003
BM-00659,ARM Cortex-M33,64,INT8,1,60,3,28.15,1011,18.8,77.18,10,True,NV-BAND-IND003
BM-00660,ARM Cortex-M33,64,FLOAT32,1,60,3,7.14,308,45.84,45.07,10,True,NV-BAND-IND003
BM-00661,ARM Cortex-M33,64,FLOAT32,1,60,3,26.39,1023,34.27,68.02,10,True,NV-BAND-IND003
BM-00662,ARM Cortex-M33,64,FLOAT32,1,60,3,7.17,316,35.58,63.9,10,True,NV-BAND-IND003
BM-00663,ARM Cortex-M33,64,INT8,1,60,3,27.5,1059,28.45,75.72,10,True,NV-BAND-IND003
BM-00664,ARM Cortex-M33,64,INT8,1,60,3,7.57,293,41.67,49.49,10,True,NV-BAND-IND003
BM-00665,ARM Cortex-M33,64,INT8,1,60,3,28.44,970,22.09,63.21,10,True,NV-BAND-IND003
BM-00666,ARM Cortex-M33,64,INT8,1,60,3,7.44,323,28.01,44.43,10,True,NV-BAND-IND003
BM-00667,ARM Cortex-M33,64,FLOAT32,1,60,3,25.11,1028,29.75,83.96,10,True,NV-BAND-IND003
BM-00668,ARM Cortex-M33,64,FLOAT32,1,60,3,7.01,298,19.36,55.42,10,True,NV-BAND-IND003
BM-00669,ARM Cortex-M33,64,INT8,1,60,3,29.02,994,32.39,77.26,10,True,NV-BAND-IND003
BM-00670,ARM Cortex-M33,64,INT8,1,60,3,6.88,313,39.41,69.54,10,True,NV-BAND-IND003
BM-00671,ARM Cortex-M33,64,INT8,1,60,3,28.22,1017,33.22,82.13,10,True,NV-BAND-IND003
BM-00672,ARM Cortex-M33,64,FLOAT32,1,60,3,7.67,321,25.6,74.11,10,True,NV-BAND-IND003
BM-00673,ARM Cortex-M33,64,FLOAT32,1,60,3,24.79,1000,20.68,68.68,10,True,NV-BAND-IND003
BM-00674,ARM Cortex-M33,64,INT8,1,60,3,6.98,320,18.36,65.84,10,True,NV-BAND-IND003
BM-00675,ARM Cortex-M33,64,FLOAT32,1,60,3,24.25,1138,39.81,60.95,10,True,NV-BAND-IND003
BM-00676,ARM Cortex-M33,64,INT8,1,60,3,7.41,314,20.87,49.11,10,True,NV-BAND-IND003
BM-00677,ARM Cortex-M33,64,INT8,1,60,3,28.82,1129,41.28,78.57,10,True,NV-BAND-IND003
BM-00678,ARM Cortex-M33,64,INT8,1,60,3,7.55,329,29.69,84.14,10,True,NV-BAND-IND003
BM-00679,ARM Cortex-M33,64,INT8,1,60,3,27.56,1017,40.93,84.48,10,True,NV-BAND-IND003
BM-00680,ARM Cortex-M33,64,FLOAT32,1,60,3,7.01,297,27.75,73.79,10,True,NV-BAND-IND003
BM-00681,ARM Cortex-M33,64,INT8,1,60,3,26.58,963,40.88,82.93,10,True,NV-BAND-IND003
BM-00682,ARM Cortex-M33,64,FLOAT32,1,60,3,7.17,281,22.82,56.02,10,True,NV-BAND-IND003
BM-00683,ARM Cortex-M33,64,INT8,1,60,3,27.63,1022,24.23,81.41,10,True,NV-BAND-IND003
BM-00684,ARM Cortex-M33,64,INT8,1,60,3,7.26,302,37.27,56.14,10,True,NV-BAND-IND003
BM-00685,ARM Cortex-M33,64,INT8,1,60,3,31.09,1085,21.65,45.62,10,True,NV-BAND-IND003
BM-00686,ARM Cortex-M33,64,INT8,1,60,3,6.7,316,20.18,77.64,10,True,NV-BAND-IND003
BM-00687,ARM Cortex-M33,64,FLOAT32,1,60,3,26.67,978,19.19,46.96,10,True,NV-BAND-IND003
BM-00688,ARM Cortex-M33,64,INT8,1,60,3,6.66,319,31.13,83.79,10,True,NV-BAND-IND003
BM-00689,ARM Cortex-M33,64,INT8,1,60,3,26.58,1067,19.85,72.71,10,True,NV-BAND-IND003
BM-00690,ARM Cortex-M33,64,INT8,1,60,3,7.6,336,39.91,84.32,10,True,NV-BAND-IND003
BM-00691,ARM Cortex-M33,64,INT8,1,60,3,26.38,1045,34.45,51.2,10,True,NV-BAND-IND003
BM-00692,ARM Cortex-M33,64,FLOAT32,1,60,3,7.45,303,18.82,48.7,10,True,NV-BAND-IND003
BM-00693,ARM Cortex-M33,64,FLOAT32,1,60,3,26.47,1096,44.57,58.0,10,True,NV-BAND-IND003
BM-00694,ARM Cortex-M33,64,INT8,1,60,3,7.29,323,41.94,77.92,10,True,NV-BAND-IND003
BM-00695,ARM Cortex-M33,64,INT8,1,60,3,26.41,969,32.14,45.14,10,True,NV-BAND-IND003
BM-00696,ARM Cortex-M33,64,INT8,1,60,3,6.97,309,32.81,74.93,10,True,NV-BAND-IND003
BM-00697,ARM Cortex-M33,64,FLOAT32,1,60,3,26.12,1023,22.81,76.68,10,True,NV-BAND-IND003
BM-00698,ARM Cortex-M33,64,INT8,1,60,3,6.52,291,45.26,46.54,10,True,NV-BAND-IND003
BM-00699,ARM Cortex-M33,64,INT8,1,60,3,28.21,1051,43.77,81.16,10,True,NV-BAND-IND003
BM-00700,ARM Cortex-M33,64,FLOAT32,1,60,3,7.04,293,28.26,69.11,10,True,NV-BAND-IND003
BM-00701,ARM Cortex-M33,64,FLOAT32,1,60,3,26.17,1007,36.86,46.94,10,True,NV-BAND-IND003
BM-00702,ARM Cortex-M33,64,FLOAT32,1,60,3,7.46,328,45.48,61.51,10,True,NV-BAND-IND003
BM-00703,ARM Cortex-M33,64,INT8,1,60,3,26.8,972,29.41,77.02,10,True,NV-BAND-IND003
BM-00704,ARM Cortex-M33,64,FLOAT32,1,60,3,7.31,297,21.46,47.07,10,True,NV-BAND-IND003
BM-00705,ARM Cortex-M33,64,INT8,1,60,3,26.78,1083,31.88,58.62,10,True,NV-BAND-IND003
BM-00706,ARM Cortex-M33,64,FLOAT32,1,60,3,7.53,314,33.6,43.87,10,True,NV-BAND-IND003
BM-00707,ARM Cortex-M33,64,FLOAT32,1,60,3,25.87,1033,31.82,59.7,10,True,NV-BAND-IND003
BM-00708,ARM Cortex-M33,64,FLOAT32,1,60,3,7.63,305,34.81,56.35,10,True,NV-BAND-IND003
BM-00709,ARM Cortex-M33,64,FLOAT32,1,60,3,29.02,1082,24.32,60.73,10,True,NV-BAND-IND003
BM-00710,ARM Cortex-M33,64,FLOAT32,1,60,3,7.87,317,23.29,45.2,10,True,NV-BAND-IND003
BM-00711,ARM Cortex-M33,64,FLOAT32,1,60,3,28.1,1087,44.29,58.9,10,True,NV-BAND-IND003
BM-00712,ARM Cortex-M33,64,INT8,1,60,3,7.38,302,45.96,64.62,10,True,NV-BAND-IND003
BM-00713,ARM Cortex-M33,64,INT8,1,60,3,26.86,1034,29.1,66.04,10,True,NV-BAND-IND003
BM-00714,ARM Cortex-M33,64,INT8,1,60,3,6.68,309,21.34,60.16,10,True,NV-BAND-IND003
BM-00715,ARM Cortex-M33,64,INT8,1,60,3,28.72,925,38.76,83.05,10,True,NV-BAND-IND003
BM-00716,ARM Cortex-M33,64,INT8,1,60,3,7.81,332,19.81,86.86,10,True,NV-BAND-IND003
BM-00717,ARM Cortex-M33,64,FLOAT32,1,60,3,26.85,1048,23.61,80.83,10,True,NV-BAND-IND003
BM-00718,ARM Cortex-M33,64,FLOAT32,1,60,3,7.2,334,21.44,80.55,10,True,NV-BAND-IND003
BM-00719,ARM Cortex-M33,64,FLOAT32,1,60,3,28.58,960,25.8,74.82,10,True,NV-BAND-IND003
BM-00720,ARM Cortex-M33,64,FLOAT32,1,60,3,7.43,308,39.18,78.85,10,True,NV-BAND-IND003
BM-00721,ARM Cortex-M33,64,FLOAT32,1,60,3,27.5,991,27.97,72.67,10,True,NV-BAND-IND003
BM-00722,ARM Cortex-M33,64,FLOAT32,1,60,3,7.9,330,45.65,65.53,10,True,NV-BAND-IND003
BM-00723,ARM Cortex-M33,64,INT8,1,60,3,26.51,963,39.5,46.97,10,True,NV-BAND-IND003
BM-00724,ARM Cortex-M33,64,FLOAT32,1,60,3,7.05,319,31.7,52.62,10,True,NV-BAND-IND003
BM-00725,ARM Cortex-M33,64,INT8,1,60,3,27.69,1080,18.83,75.94,10,True,NV-BAND-IND003
BM-00726,ARM Cortex-M33,64,INT8,1,60,3,7.52,329,31.95,43.23,10,True,NV-BAND-IND003
BM-00727,ARM Cortex-M33,64,INT8,1,60,3,27.79,961,28.71,73.24,10,True,NV-BAND-IND003
BM-00728,ARM Cortex-M33,64,INT8,1,60,3,7.12,331,26.48,70.67,10,True,NV-BAND-IND003
BM-00729,ARM Cortex-M33,64,INT8,1,60,3,27.34,1046,36.51,65.92,10,True,NV-BAND-IND003
BM-00730,ARM Cortex-M33,64,FLOAT32,1,60,3,7.07,293,40.2,51.29,10,True,NV-BAND-IND003
BM-00731,ARM Cortex-M33,64,FLOAT32,1,60,3,27.25,1037,31.73,54.04,10,True,NV-BAND-IND003
BM-00732,ARM Cortex-M33,64,FLOAT32,1,60,3,6.94,307,40.67,66.86,10,True,NV-BAND-IND003
BM-00733,ARM Cortex-M33,64,INT8,1,60,3,26.27,1074,44.67,43.45,10,True,NV-BAND-IND003
BM-00734,ARM Cortex-M33,64,FLOAT32,1,60,3,7.08,338,42.64,47.48,10,True,NV-BAND-IND003
BM-00735,ARM Cortex-M33,64,FLOAT32,1,60,3,29.23,1020,26.81,59.31,10,True,NV-BAND-IND003
BM-00736,ARM Cortex-M33,64,FLOAT32,1,60,3,6.8,274,19.01,50.14,10,True,NV-BAND-IND003
BM-00737,ARM Cortex-M33,64,FLOAT32,1,60,3,25.63,962,42.77,49.55,10,True,NV-BAND-IND003
BM-00738,ARM Cortex-M33,64,FLOAT32,1,60,3,7.75,314,21.77,74.92,10,True,NV-BAND-IND003
BM-00739,ARM Cortex-M33,64,FLOAT32,1,60,3,27.87,924,39.39,68.17,10,True,NV-BAND-IND003
BM-00740,ARM Cortex-M33,64,FLOAT32,1,60,3,6.72,327,36.48,73.53,10,True,NV-BAND-IND003
BM-00741,ARM Cortex-M33,64,FLOAT32,1,60,3,27.74,1017,31.33,81.3,10,True,NV-BAND-IND003
BM-00742,ARM Cortex-M33,64,INT8,1,60,3,7.43,341,28.96,64.76,10,True,NV-BAND-IND003
BM-00743,ARM Cortex-M33,64,FLOAT32,1,60,3,27.13,1027,35.27,58.23,10,True,NV-BAND-IND003
BM-00744,ARM Cortex-M33,64,FLOAT32,1,60,3,7.28,355,26.97,43.29,10,True,NV-BAND-IND003
BM-00745,ARM Cortex-M33,64,INT8,1,60,3,24.88,1054,21.59,58.85,10,True,NV-BAND-IND003
BM-00746,ARM Cortex-M33,64,INT8,1,60,3,7.15,322,39.43,70.76,10,True,NV-BAND-IND003
BM-00747,ARM Cortex-M33,64,FLOAT32,1,60,3,26.61,1021,20.73,57.88,10,True,NV-BAND-IND003
BM-00748,ARM Cortex-M33,64,FLOAT32,1,60,3,7.48,368,29.53,44.6,10,True,NV-BAND-IND003
BM-00749,ARM Cortex-M33,64,INT8,1,60,3,28.37,985,24.93,71.81,10,True,NV-BAND-IND003
BM-00750,ARM Cortex-M33,64,INT8,1,60,3,7.03,303,43.49,45.01,10,True,NV-BAND-IND003
BM-00751,ARM Cortex-M33,64,FLOAT32,1,60,3,25.25,1009,21.21,49.81,10,True,NV-BAND-IND003
BM-00752,ARM Cortex-M33,64,FLOAT32,1,60,3,7.49,289,19.05,72.26,10,True,NV-BAND-IND003
BM-00753,ARM Cortex-M33,64,FLOAT32,1,60,3,28.66,1045,33.91,83.46,10,True,NV-BAND-IND003
BM-00754,ARM Cortex-M33,64,FLOAT32,1,60,3,6.91,309,18.57,63.61,10,True,NV-BAND-IND003
BM-00755,ARM Cortex-M33,64,INT8,1,60,3,29.32,1057,45.6,59.38,10,True,NV-BAND-IND003
BM-00756,ARM Cortex-M33,64,FLOAT32,1,60,3,7.2,307,27.03,46.5,10,True,NV-BAND-IND003
BM-00757,ARM Cortex-M33,64,FLOAT32,1,60,3,27.49,1000,20.8,73.06,10,True,NV-BAND-IND003
BM-00758,ARM Cortex-M33,64,FLOAT32,1,60,3,6.36,348,31.91,79.33,10,True,NV-BAND-IND003
BM-00759,ARM Cortex-M33,64,FLOAT32,1,60,3,27.59,1041,22.67,55.78,10,True,NV-BAND-IND003
BM-00760,ARM Cortex-M33,64,FLOAT32,1,60,3,7.18,298,23.65,71.23,10,True,NV-BAND-IND003
BM-00761,ARM Cortex-M33,64,INT8,1,60,3,27.18,952,41.53,66.65,10,True,NV-BAND-IND003
BM-00762,ARM Cortex-M33,64,FLOAT32,1,60,3,8.11,289,25.42,55.68,10,True,NV-BAND-IND003
BM-00763,ARM Cortex-M33,64,FLOAT32,1,60,3,26.16,1004,40.53,70.73,10,True,NV-BAND-IND003
BM-00764,ARM Cortex-M33,64,INT8,1,60,3,7.72,312,38.1,68.6,10,True,NV-BAND-IND003
BM-00765,ARM Cortex-M33,64,FLOAT32,1,60,3,25.92,1080,25.65,68.06,10,True,NV-BAND-IND003
BM-00766,ARM Cortex-M33,64,FLOAT32,1,60,3,7.49,321,29.96,57.98,10,True,NV-BAND-IND003
BM-00767,ARM Cortex-M33,64,INT8,1,60,3,28.26,1131,36.24,55.88,10,True,NV-BAND-IND003
BM-00768,ARM Cortex-M33,64,FLOAT32,1,60,3,8.07,299,30.12,66.84,10,True,NV-BAND-IND003
BM-00769,ARM Cortex-M33,64,INT8,1,60,3,29.35,1041,29.6,53.56,10,True,NV-BAND-IND003
BM-00770,ARM Cortex-M33,64,FLOAT32,1,60,3,7.4,281,36.8,67.19,10,True,NV-BAND-IND003
BM-00771,ARM Cortex-M33,64,INT8,1,60,3,27.2,987,35.58,65.75,10,True,NV-BAND-IND003
BM-00772,ARM Cortex-M33,64,INT8,1,60,3,7.53,331,34.15,51.8,10,True,NV-BAND-IND003
BM-00773,ARM Cortex-M33,64,FLOAT32,1,60,3,24.91,1023,25.5,71.34,10,True,NV-BAND-IND003
BM-00774,ARM Cortex-M33,64,FLOAT32,1,60,3,7.65,308,44.17,75.42,10,True,NV-BAND-IND003
BM-00775,ARM Cortex-M33,64,INT8,1,60,3,28.27,1039,32.62,58.76,10,True,NV-BAND-IND003
BM-00776,ARM Cortex-M33,64,INT8,1,60,3,7.34,307,24.73,76.34,10,True,NV-BAND-IND003
BM-00777,ARM Cortex-M33,64,FLOAT32,1,60,3,25.94,973,41.64,60.87,10,True,NV-BAND-IND003
BM-00778,ARM Cortex-M33,64,INT8,1,60,3,7.48,312,35.75,80.91,10,True,NV-BAND-IND003
BM-00779,ARM Cortex-M33,64,FLOAT32,1,60,3,27.23,1004,41.06,71.72,10,True,NV-BAND-IND003
BM-00780,ARM Cortex-M33,64,FLOAT32,1,60,3,7.08,330,37.23,52.86,10,True,NV-BAND-IND003
BM-00781,ARM Cortex-M33,64,INT8,1,60,3,27.0,963,21.18,50.83,10,True,NV-BAND-IND003
BM-00782,ARM Cortex-M33,64,INT8,1,60,3,7.5,308,40.32,56.28,10,True,NV-BAND-IND003
BM-00783,ARM Cortex-M33,64,FLOAT32,1,60,3,27.44,1096,33.68,62.06,10,True,NV-BAND-IND003
BM-00784,ARM Cortex-M33,64,INT8,1,60,3,7.19,317,23.66,54.54,10,True,NV-BAND-IND003
BM-00785,ARM Cortex-M33,64,INT8,1,60,3,25.99,1014,25.24,78.96,10,True,NV-BAND-IND003
BM-00786,ARM Cortex-M33,64,INT8,1,60,3,7.44,284,36.04,43.94,10,True,NV-BAND-IND003
BM-00787,ARM Cortex-M33,64,FLOAT32,1,60,3,27.64,1028,39.9,44.55,10,True,NV-BAND-IND003
BM-00788,ARM Cortex-M33,64,INT8,1,60,3,7.22,330,26.79,55.71,10,True,NV-BAND-IND003
BM-00789,ARM Cortex-M33,64,INT8,1,60,3,27.8,1090,43.22,60.72,10,True,NV-BAND-IND003
BM-00790,ARM Cortex-M33,64,FLOAT32,1,60,3,6.8,314,36.81,82.74,10,True,NV-BAND-IND003
BM-00791,ARM Cortex-M33,64,FLOAT32,1,60,3,27.5,975,44.41,75.31,10,True,NV-BAND-IND003
BM-00792,ARM Cortex-M33,64,INT8,1,60,3,7.58,353,24.61,68.26,10,True,NV-BAND-IND003
BM-00793,ARM Cortex-M33,64,INT8,1,60,3,27.38,1046,32.61,80.13,10,True,NV-BAND-IND003
BM-00794,ARM Cortex-M33,64,FLOAT32,1,60,3,7.23,299,31.9,46.15,10,True,NV-BAND-IND003
BM-00795,ARM Cortex-M33,64,INT8,1,60,3,25.22,992,39.65,56.42,10,True,NV-BAND-IND003
BM-00796,ARM Cortex-M33,64,FLOAT32,1,60,3,6.64,342,40.56,76.22,10,True,NV-BAND-IND003
BM-00797,ARM Cortex-M33,64,FLOAT32,1,60,3,27.26,1008,24.1,46.91,10,True,NV-BAND-IND003
BM-00798,ARM Cortex-M33,64,INT8,1,60,3,7.56,291,45.16,62.22,10,True,NV-BAND-IND003
BM-00799,ARM Cortex-M33,64,FLOAT32,1,60,3,26.48,1027,42.16,44.57,10,True,NV-BAND-IND003
BM-00800,ARM Cortex-M33,64,FLOAT32,1,60,3,7.61,321,37.59,47.2,10,True,NV-BAND-IND003
BM-00801,ARM Cortex-M33,64,FLOAT32,1,60,3,27.7,1027,31.3,53.33,10,True,NV-BAND-IND003
BM-00802,ARM Cortex-M33,64,FLOAT32,1,60,3,7.36,315,42.62,85.1,10,True,NV-BAND-IND003
BM-00803,ARM Cortex-M33,64,FLOAT32,1,60,3,26.16,1026,31.31,58.92,10,True,NV-BAND-IND003
BM-00804,ARM Cortex-M33,64,FLOAT32,1,60,3,6.77,313,18.59,86.47,10,True,NV-BAND-IND003
BM-00805,ARM Cortex-M33,64,INT8,1,60,3,26.82,1138,41.56,72.46,10,True,NV-BAND-IND003
BM-00806,ARM Cortex-M33,64,INT8,1,60,3,7.18,286,37.34,78.28,10,True,NV-BAND-IND003
BM-00807,ARM Cortex-M33,64,INT8,1,60,3,27.24,1047,25.08,59.7,10,True,NV-BAND-IND003
BM-00808,ARM Cortex-M33,64,FLOAT32,1,60,3,7.87,301,43.29,73.52,10,True,NV-BAND-IND003
BM-00809,ARM Cortex-M33,64,INT8,1,60,3,25.5,1060,42.01,59.87,10,True,NV-BAND-IND003
BM-00810,ARM Cortex-M33,64,FLOAT32,1,60,3,6.65,304,43.97,84.22,10,True,NV-BAND-IND003
BM-00811,ARM Cortex-M33,64,FLOAT32,1,60,3,27.09,1020,20.53,79.84,10,True,NV-BAND-IND003
BM-00812,ARM Cortex-M33,64,INT8,1,60,3,7.48,299,26.33,81.53,10,True,NV-BAND-IND003
BM-00813,ARM Cortex-M33,64,INT8,1,60,3,27.07,1023,43.64,71.04,10,True,NV-BAND-IND003
BM-00814,ARM Cortex-M33,64,FLOAT32,1,60,3,7.26,313,40.1,54.61,10,True,NV-BAND-IND003
BM-00815,ARM Cortex-M33,64,INT8,1,60,3,27.92,1061,41.05,85.26,10,True,NV-BAND-IND003
BM-00816,ARM Cortex-M33,64,FLOAT32,1,60,3,7.36,320,38.63,84.62,10,True,NV-BAND-IND003
BM-00817,ARM Cortex-M33,64,FLOAT32,1,60,3,25.5,1026,38.09,82.33,10,True,NV-BAND-IND003
BM-00818,ARM Cortex-M33,64,INT8,1,60,3,7.39,325,41.08,74.13,10,True,NV-BAND-IND003
BM-00819,ARM Cortex-M33,64,INT8,1,60,3,26.57,994,27.85,69.7,10,True,NV-BAND-IND003
BM-00820,ARM Cortex-M33,64,FLOAT32,1,60,3,6.97,321,30.69,43.26,10,True,NV-BAND-IND003
BM-00821,ARM Cortex-M33,64,INT8,1,60,3,28.64,1005,35.96,50.45,10,True,NV-BAND-IND003
BM-00822,ARM Cortex-M33,64,FLOAT32,1,60,3,7.56,314,40.15,48.26,10,True,NV-BAND-IND003
BM-00823,ARM Cortex-M33,64,FLOAT32,1,60,3,27.25,1014,23.6,56.06,10,True,NV-BAND-IND003
BM-00824,ARM Cortex-M33,64,INT8,1,60,3,7.5,317,21.1,53.48,10,True,NV-BAND-IND003
BM-00825,ARM Cortex-M33,64,INT8,1,60,3,30.13,985,41.71,73.54,10,True,NV-BAND-IND003
BM-00826,ARM Cortex-M33,64,FLOAT32,1,60,3,7.41,302,30.64,82.18,10,True,NV-BAND-IND003
BM-00827,ARM Cortex-M33,64,INT8,1,60,3,26.36,1023,25.3,73.62,10,True,NV-BAND-IND003
BM-00828,ARM Cortex-M33,64,FLOAT32,1,60,3,7.25,364,40.39,51.14,10,True,NV-BAND-IND003
BM-00829,ARM Cortex-M33,64,FLOAT32,1,60,3,27.18,973,28.29,60.1,10,True,NV-BAND-IND003
BM-00830,ARM Cortex-M33,64,FLOAT32,1,60,3,7.31,274,44.45,82.68,10,True,NV-BAND-IND003
BM-00831,ARM Cortex-M33,64,INT8,1,60,3,27.29,1024,18.58,43.06,10,True,NV-BAND-IND003
BM-00832,ARM Cortex-M33,64,INT8,1,60,3,7.52,329,43.39,86.81,10,True,NV-BAND-IND003
BM-00833,ARM Cortex-M33,64,INT8,1,60,3,26.8,1017,25.33,81.18,10,True,NV-BAND-IND003
BM-00834,ARM Cortex-M33,64,INT8,1,60,3,6.89,291,29.23,61.73,10,True,NV-BAND-IND003
BM-00835,ARM Cortex-M33,64,FLOAT32,1,60,3,27.77,966,22.18,86.07,10,True,NV-BAND-IND003
BM-00836,ARM Cortex-M33,64,INT8,1,60,3,7.03,294,44.52,47.4,10,True,NV-BAND-IND003
BM-00837,ARM Cortex-M33,64,FLOAT32,1,60,3,28.06,1105,39.65,84.7,10,True,NV-BAND-IND003
BM-00838,ARM Cortex-M33,64,FLOAT32,1,60,3,6.68,278,21.32,74.82,10,True,NV-BAND-IND003
BM-00839,ARM Cortex-M33,64,INT8,1,60,3,27.25,1024,44.49,79.42,10,True,NV-BAND-IND003
BM-00840,ARM Cortex-M33,64,FLOAT32,1,60,3,7.29,303,26.06,64.73,10,True,NV-BAND-IND003
BM-00841,ARM Cortex-M33,64,INT8,1,60,3,27.16,1040,30.08,51.5,10,True,NV-BAND-IND003
BM-00842,ARM Cortex-M33,64,INT8,1,60,3,7.62,276,45.87,55.02,10,True,NV-BAND-IND003
BM-00843,ARM Cortex-M33,64,INT8,1,60,3,26.96,1033,29.71,60.79,10,True,NV-BAND-IND003
BM-00844,ARM Cortex-M33,64,INT8,1,60,3,6.83,343,18.81,86.9,10,True,NV-BAND-IND003
BM-00845,ARM Cortex-M33,64,INT8,1,60,3,26.64,1022,35.3,83.74,10,True,NV-BAND-IND003
BM-00846,ARM Cortex-M33,64,FLOAT32,1,60,3,7.42,301,34.32,71.77,10,True,NV-BAND-IND003
BM-00847,ARM Cortex-M33,64,INT8,1,60,3,25.18,1004,18.29,48.13,10,True,NV-BAND-IND003
BM-00848,ARM Cortex-M33,64,FLOAT32,1,60,3,7.61,305,45.28,60.29,10,True,NV-BAND-IND003
BM-00849,ARM Cortex-M33,64,INT8,1,60,3,26.38,1065,37.97,74.59,10,True,NV-BAND-IND003
BM-00850,ARM Cortex-M33,64,FLOAT32,1,60,3,7.07,302,20.05,67.62,10,True,NV-BAND-IND003
BM-00851,ARM Cortex-M33,64,INT8,1,60,3,27.58,1058,27.32,52.8,10,True,NV-BAND-IND003
BM-00852,ARM Cortex-M33,64,FLOAT32,1,60,3,8.15,326,45.91,85.21,10,True,NV-BAND-IND003
BM-00853,ARM Cortex-M33,64,INT8,1,60,3,28.79,1001,18.15,65.21,10,True,NV-BAND-IND003
BM-00854,ARM Cortex-M33,64,FLOAT32,1,60,3,6.79,313,26.47,60.16,10,True,NV-BAND-IND003
BM-00855,ARM Cortex-M33,64,FLOAT32,1,60,3,27.53,975,21.7,83.04,10,True,NV-BAND-IND003
BM-00856,ARM Cortex-M33,64,INT8,1,60,3,7.13,319,34.25,53.97,10,True,NV-BAND-IND003
BM-00857,ARM Cortex-M33,64,FLOAT32,1,60,3,27.83,1046,44.05,82.38,10,True,NV-BAND-IND003
BM-00858,ARM Cortex-M33,64,INT8,1,60,3,7.32,302,20.51,74.67,10,True,NV-BAND-IND003
BM-00859,ARM Cortex-M33,64,FLOAT32,1,60,3,26.78,970,21.97,47.37,10,True,NV-BAND-IND003
BM-00860,ARM Cortex-M33,64,INT8,1,60,3,7.91,312,45.4,64.96,10,True,NV-BAND-IND003
BM-00861,ARM Cortex-M33,64,FLOAT32,1,60,3,27.13,982,38.94,84.61,10,True,NV-BAND-IND003
BM-00862,ARM Cortex-M33,64,FLOAT32,1,60,3,8.37,292,43.28,54.11,10,True,NV-BAND-IND003
BM-00863,ARM Cortex-M33,64,FLOAT32,1,60,3,26.89,1042,32.48,62.05,10,True,NV-BAND-IND003
BM-00864,ARM Cortex-M33,64,INT8,1,60,3,7.44,329,26.84,87.75,10,True,NV-BAND-IND003
BM-00865,ARM Cortex-M33,64,INT8,1,60,3,29.57,1046,33.56,84.45,10,True,NV-BAND-IND003
BM-00866,ARM Cortex-M33,64,FLOAT32,1,60,3,6.78,307,19.49,48.84,10,True,NV-BAND-IND003
BM-00867,ARM Cortex-M33,64,INT8,1,60,3,27.77,1117,23.13,63.63,10,True,NV-BAND-IND003
BM-00868,ARM Cortex-M33,64,INT8,1,60,3,6.64,333,37.77,62.08,10,True,NV-BAND-IND003
BM-00869,ARM Cortex-M33,64,FLOAT32,1,60,3,27.62,1061,19.14,58.4,10,True,NV-BAND-IND003
BM-00870,ARM Cortex-M33,64,FLOAT32,1,60,3,7.16,296,30.82,47.17,10,True,NV-BAND-IND003
BM-00871,ARM Cortex-M33,64,INT8,1,60,3,28.3,1053,21.46,46.3,10,True,NV-BAND-IND003
BM-00872,ARM Cortex-M33,64,FLOAT32,1,60,3,7.59,311,23.06,49.74,10,True,NV-BAND-IND003
BM-00873,ARM Cortex-M33,64,FLOAT32,1,60,3,26.68,953,33.77,72.5,10,True,NV-BAND-IND003
BM-00874,ARM Cortex-M33,64,INT8,1,60,3,7.53,319,34.34,86.69,10,True,NV-BAND-IND003
BM-00875,ARM Cortex-M33,64,INT8,1,60,3,26.24,999,29.66,45.53,10,True,NV-BAND-IND003
BM-00876,ARM Cortex-M33,64,FLOAT32,1,60,3,7.01,285,36.95,82.82,10,True,NV-BAND-IND003
BM-00877,ARM Cortex-M33,64,INT8,1,60,3,26.42,972,25.96,87.14,10,True,NV-BAND-IND003
BM-00878,ARM Cortex-M33,64,INT8,1,60,3,7.04,298,29.04,69.16,10,True,NV-BAND-IND003
BM-00879,ARM Cortex-M33,64,INT8,1,60,3,25.45,1115,41.44,49.07,10,True,NV-BAND-IND003
BM-00880,ARM Cortex-M33,64,INT8,1,60,3,7.7,297,30.89,74.55,10,True,NV-BAND-IND003
BM-00881,ARM Cortex-M33,64,FLOAT32,1,60,3,27.73,1042,30.71,85.94,10,True,NV-BAND-IND003
BM-00882,ARM Cortex-M33,64,INT8,1,60,3,7.68,297,27.22,44.02,10,True,NV-BAND-IND003
BM-00883,ARM Cortex-M33,64,FLOAT32,1,60,3,28.71,999,27.1,75.65,10,True,NV-BAND-IND003
BM-00884,ARM Cortex-M33,64,INT8,1,60,3,6.67,325,23.92,44.24,10,True,NV-BAND-IND003
BM-00885,ARM Cortex-M33,64,FLOAT32,1,60,3,28.95,1140,27.05,44.55,10,True,NV-BAND-IND003
BM-00886,ARM Cortex-M33,64,INT8,1,60,3,6.72,324,33.32,69.71,10,True,NV-BAND-IND003
BM-00887,ARM Cortex-M33,64,INT8,1,60,3,26.91,1059,29.17,50.19,10,True,NV-BAND-IND003
BM-00888,ARM Cortex-M33,64,FLOAT32,1,60,3,6.61,289,20.5,81.21,10,True,NV-BAND-IND003
BM-00889,ARM Cortex-M33,64,INT8,1,60,3,26.47,1027,28.88,60.51,10,True,NV-BAND-IND003
BM-00890,ARM Cortex-M33,64,INT8,1,60,3,6.94,323,21.38,64.58,10,True,NV-BAND-IND003
BM-00891,ARM Cortex-M33,64,FLOAT32,1,60,3,28.63,1050,38.6,84.4,10,True,NV-BAND-IND003
BM-00892,ARM Cortex-M33,64,INT8,1,60,3,7.85,319,28.05,46.42,10,True,NV-BAND-IND003
BM-00893,ARM Cortex-M33,64,FLOAT32,1,60,3,25.94,1085,32.35,64.52,10,True,NV-BAND-IND003
BM-00894,ARM Cortex-M33,64,FLOAT32,1,60,3,6.96,328,31.34,67.9,10,True,NV-BAND-IND003
BM-00895,ARM Cortex-M33,64,FLOAT32,1,60,3,29.29,1044,20.53,61.44,10,True,NV-BAND-IND003
BM-00896,ARM Cortex-M33,64,FLOAT32,1,60,3,6.6,295,35.19,61.97,10,True,NV-BAND-IND003
BM-00897,ARM Cortex-M33,64,FLOAT32,1,60,3,28.99,1016,20.6,65.61,10,True,NV-BAND-IND003
BM-00898,ARM Cortex-M33,64,FLOAT32,1,60,3,7.23,325,36.94,71.79,10,True,NV-BAND-IND003
BM-00899,ARM Cortex-M33,64,INT8,1,60,3,28.24,1036,44.06,66.25,10,True,NV-BAND-IND003
BM-00900,ARM Cortex-M33,64,INT8,1,60,3,7.12,306,26.14,62.12,10,True,NV-BAND-IND003
BM-00901,ARM Cortex-M33,64,FLOAT32,1,60,3,28.43,1048,26.41,87.27,10,True,NV-BAND-IND003
BM-00902,ARM Cortex-M33,64,FLOAT32,1,60,3,7.1,331,41.56,66.06,10,True,NV-BAND-IND003
BM-00903,ARM Cortex-M33,64,FLOAT32,1,60,3,27.25,985,33.92,67.35,10,True,NV-BAND-IND003
BM-00904,ARM Cortex-M33,64,INT8,1,60,3,6.9,294,32.38,65.49,10,True,NV-BAND-IND003
BM-00905,ARM Cortex-M33,64,FLOAT32,1,60,3,27.07,1079,20.65,72.4,10,True,NV-BAND-IND003
BM-00906,ARM Cortex-M33,64,FLOAT32,1,60,3,6.88,315,27.95,68.94,10,True,NV-BAND-IND003
BM-00907,ARM Cortex-M33,64,INT8,1,60,3,26.61,1012,21.19,72.43,10,True,NV-BAND-IND003
BM-00908,ARM Cortex-M33,64,INT8,1,60,3,6.6,308,40.01,80.77,10,True,NV-BAND-IND003
BM-00909,ARM Cortex-M33,64,INT8,1,60,3,27.17,1048,20.33,82.33,10,True,NV-BAND-IND003
BM-00910,ARM Cortex-M33,64,FLOAT32,1,60,3,7.29,290,26.79,75.31,10,True,NV-BAND-IND003
BM-00911,ARM Cortex-M33,64,FLOAT32,1,60,3,28.7,1033,35.47,54.19,10,True,NV-BAND-IND003
BM-00912,ARM Cortex-M33,64,INT8,1,60,3,7.28,311,23.91,45.6,10,True,NV-BAND-IND003
BM-00913,ARM Cortex-M33,64,FLOAT32,1,60,3,26.78,1033,42.41,46.89,10,True,NV-BAND-IND003
BM-00914,ARM Cortex-M33,64,INT8,1,60,3,7.39,280,18.16,47.37,10,True,NV-BAND-IND003
BM-00915,ARM Cortex-M33,64,INT8,1,60,3,26.75,1012,36.36,63.17,10,True,NV-BAND-IND003
BM-00916,ARM Cortex-M33,64,FLOAT32,1,60,3,7.3,333,42.33,86.43,10,True,NV-BAND-IND003
BM-00917,ARM Cortex-M33,64,FLOAT32,1,60,3,26.47,1001,26.48,79.4,10,True,NV-BAND-IND003
BM-00918,ARM Cortex-M33,64,FLOAT32,1,60,3,6.99,297,37.34,86.3,10,True,NV-BAND-IND003
BM-00919,ARM Cortex-M33,64,FLOAT32,1,60,3,26.98,1058,40.53,46.03,10,True,NV-BAND-IND003
BM-00920,ARM Cortex-M33,64,INT8,1,60,3,6.78,319,18.39,47.15,10,True,NV-BAND-IND003
BM-00921,ARM Cortex-M33,64,INT8,1,60,3,25.36,998,37.49,50.66,10,True,NV-BAND-IND003
BM-00922,ARM Cortex-M33,64,INT8,1,60,3,7.07,342,23.86,71.84,10,True,NV-BAND-IND003
BM-00923,ARM Cortex-M33,64,INT8,1,60,3,27.07,924,30.2,70.8,10,True,NV-BAND-IND003
BM-00924,ARM Cortex-M33,64,INT8,1,60,3,6.4,312,20.41,77.41,10,True,NV-BAND-IND003
BM-00925,ARM Cortex-M33,64,INT8,1,60,3,28.14,1040,31.27,43.0,10,True,NV-BAND-IND003
BM-00926,ARM Cortex-M33,64,INT8,1,60,3,7.27,332,43.27,75.98,10,True,NV-BAND-IND003
BM-00927,ARM Cortex-M33,64,FLOAT32,1,60,3,26.75,1064,44.99,63.69,10,True,NV-BAND-IND003
BM-00928,ARM Cortex-M33,64,FLOAT32,1,60,3,6.55,295,34.39,51.26,10,True,NV-BAND-IND003
BM-00929,ARM Cortex-M33,64,FLOAT32,1,60,3,25.23,1011,19.43,42.36,10,True,NV-BAND-IND003
BM-00930,ARM Cortex-M33,64,FLOAT32,1,60,3,7.18,314,45.43,81.04,10,True,NV-BAND-IND003
BM-00931,ARM Cortex-M33,64,FLOAT32,1,60,3,27.47,982,19.04,60.39,10,True,NV-BAND-IND003
BM-00932,ARM Cortex-M33,64,FLOAT32,1,60,3,7.12,285,24.49,44.79,10,True,NV-BAND-IND003
BM-00933,ARM Cortex-M33,64,INT8,1,60,3,29.04,1010,29.82,56.53,10,True,NV-BAND-IND003
BM-00934,ARM Cortex-M33,64,INT8,1,60,3,7.0,340,25.5,71.82,10,True,NV-BAND-IND003
BM-00935,ARM Cortex-M33,64,FLOAT32,1,60,3,25.91,973,21.27,70.64,10,True,NV-BAND-IND003
BM-00936,ARM Cortex-M33,64,FLOAT32,1,60,3,6.76,310,30.55,62.07,10,True,NV-BAND-IND003
BM-00937,ARM Cortex-M33,64,INT8,1,60,3,27.92,1057,26.06,50.84,10,True,NV-BAND-IND003
BM-00938,ARM Cortex-M33,64,FLOAT32,1,60,3,8.23,271,30.27,65.35,10,True,NV-BAND-IND003
BM-00939,ARM Cortex-M33,64,FLOAT32,1,60,3,28.13,998,43.81,81.26,10,True,NV-BAND-IND003
BM-00940,ARM Cortex-M33,64,FLOAT32,1,60,3,6.97,300,21.67,55.5,10,True,NV-BAND-IND003
BM-00941,ARM Cortex-M33,64,FLOAT32,1,60,3,26.31,1099,44.87,80.32,10,True,NV-BAND-IND003
BM-00942,ARM Cortex-M33,64,FLOAT32,1,60,3,7.54,312,40.29,78.79,10,True,NV-BAND-IND003
BM-00943,ARM Cortex-M33,64,INT8,1,60,3,29.02,955,35.41,54.99,10,True,NV-BAND-IND003
BM-00944,ARM Cortex-M33,64,INT8,1,60,3,6.67,272,36.68,47.94,10,True,NV-BAND-IND003
BM-00945,ARM Cortex-M33,64,INT8,1,60,3,26.56,1031,22.38,64.64,10,True,NV-BAND-IND003
BM-00946,ARM Cortex-M33,64,FLOAT32,1,60,3,7.24,314,44.41,64.71,10,True,NV-BAND-IND003
BM-00947,ARM Cortex-M33,64,INT8,1,60,3,25.71,1060,23.86,44.16,10,True,NV-BAND-IND003
BM-00948,ARM Cortex-M33,64,INT8,1,60,3,7.3,325,28.05,54.0,10,True,NV-BAND-IND003
BM-00949,ARM Cortex-M33,64,INT8,1,60,3,25.13,1038,22.89,81.54,10,True,NV-BAND-IND003
BM-00950,ARM Cortex-M33,64,INT8,1,60,3,6.72,304,40.59,57.54,10,True,NV-BAND-IND003
BM-00951,ARM Cortex-M33,64,INT8,1,60,3,28.04,1028,35.29,47.55,10,True,NV-BAND-IND003
BM-00952,ARM Cortex-M33,64,INT8,1,60,3,6.86,312,31.62,87.71,10,True,NV-BAND-IND003
BM-00953,ARM Cortex-M33,64,FLOAT32,1,60,3,25.56,1075,39.54,77.42,10,True,NV-BAND-IND003
BM-00954,ARM Cortex-M33,64,FLOAT32,1,60,3,7.12,332,43.1,81.26,10,True,NV-BAND-IND003
BM-00955,ARM Cortex-M33,64,INT8,1,60,3,26.77,1000,37.78,84.63,10,True,NV-BAND-IND003
BM-00956,ARM Cortex-M33,64,FLOAT32,1,60,3,6.89,327,40.37,86.28,10,True,NV-BAND-IND003
BM-00957,ARM Cortex-M33,64,INT8,1,60,3,26.55,1053,45.29,77.96,10,True,NV-BAND-IND003
BM-00958,ARM Cortex-M33,64,INT8,1,60,3,7.05,276,41.06,43.93,10,True,NV-BAND-IND003
BM-00959,ARM Cortex-M33,64,INT8,1,60,3,26.72,970,22.68,47.43,10,True,NV-BAND-IND003
BM-00960,ARM Cortex-M33,64,INT8,1,60,3,7.21,290,43.51,49.22,10,True,NV-BAND-IND003
BM-00961,ARM Cortex-M33,64,FLOAT32,1,60,3,28.51,1019,37.83,77.05,10,True,NV-BAND-IND003
BM-00962,ARM Cortex-M33,64,FLOAT32,1,60,3,7.13,323,38.51,46.57,10,True,NV-BAND-IND003
BM-00963,ARM Cortex-M33,64,FLOAT32,1,60,3,28.56,1023,27.37,48.34,10,True,NV-BAND-IND003
BM-00964,ARM Cortex-M33,64,INT8,1,60,3,6.89,280,30.3,61.12,10,True,NV-BAND-IND003
BM-00965,ARM Cortex-M33,64,INT8,1,60,3,26.58,996,24.87,79.22,10,True,NV-BAND-IND003
BM-00966,ARM Cortex-M33,64,FLOAT32,1,60,3,7.24,305,26.03,49.88,10,True,NV-BAND-IND003
BM-00967,ARM Cortex-M33,64,FLOAT32,1,60,3,28.23,996,28.43,76.72,10,True,NV-BAND-IND003
BM-00968,ARM Cortex-M33,64,FLOAT32,1,60,3,7.18,333,35.62,53.29,10,True,NV-BAND-IND003
BM-00969,ARM Cortex-M33,64,FLOAT32,1,60,3,27.81,1021,40.04,48.35,10,True,NV-BAND-IND003
BM-00970,ARM Cortex-M33,64,FLOAT32,1,60,3,6.96,300,29.58,60.83,10,True,NV-BAND-IND003
BM-00971,ARM Cortex-M33,64,FLOAT32,1,60,3,26.38,999,44.65,65.74,10,True,NV-BAND-IND003
BM-00972,ARM Cortex-M33,64,FLOAT32,1,60,3,7.5,308,44.42,62.36,10,True,NV-BAND-IND003
BM-00973,ARM Cortex-M33,64,INT8,1,60,3,25.78,1103,38.09,65.8,10,True,NV-BAND-IND003
BM-00974,ARM Cortex-M33,64,INT8,1,60,3,7.33,286,20.37,56.48,10,True,NV-BAND-IND003
BM-00975,ARM Cortex-M33,64,INT8,1,60,3,26.87,1028,30.15,60.09,10,True,NV-BAND-IND003
BM-00976,ARM Cortex-M33,64,INT8,1,60,3,7.88,292,36.48,71.51,10,True,NV-BAND-IND003
BM-00977,ARM Cortex-M33,64,INT8,1,60,3,28.57,1086,45.38,87.08,10,True,NV-BAND-IND003
BM-00978,ARM Cortex-M33,64,FLOAT32,1,60,3,6.95,307,29.74,82.75,10,True,NV-BAND-IND003
BM-00979,ARM Cortex-M33,64,FLOAT32,1,60,3,26.16,1014,38.2,56.43,10,True,NV-BAND-IND003
BM-00980,ARM Cortex-M33,64,FLOAT32,1,60,3,7.19,323,18.22,54.87,10,True,NV-BAND-IND003
BM-00981,ARM Cortex-M33,64,INT8,1,60,3,28.71,990,37.61,62.52,10,True,NV-BAND-IND003
BM-00982,ARM Cortex-M33,64,INT8,1,60,3,6.41,311,42.85,70.72,10,True,NV-BAND-IND003
BM-00983,ARM Cortex-M33,64,FLOAT32,1,60,3,27.75,1035,37.53,82.83,10,True,NV-BAND-IND003
BM-00984,ARM Cortex-M33,64,FLOAT32,1,60,3,7.07,314,39.71,82.52,10,True,NV-BAND-IND003
BM-00985,ARM Cortex-M33,64,INT8,1,60,3,29.22,1041,19.04,57.39,10,True,NV-BAND-IND003
BM-00986,ARM Cortex-M33,64,INT8,1,60,3,7.05,302,32.57,66.88,10,True,NV-BAND-IND003
BM-00987,ARM Cortex-M33,64,INT8,1,60,3,27.2,1097,20.6,67.38,10,True,NV-BAND-IND003
BM-00988,ARM Cortex-M33,64,FLOAT32,1,60,3,7.13,311,39.2,49.36,10,True,NV-BAND-IND003
BM-00989,ARM Cortex-M33,64,INT8,1,60,3,26.82,1073,42.93,66.84,10,True,NV-BAND-IND003
BM-00990,ARM Cortex-M33,64,FLOAT32,1,60,3,7.98,320,24.76,77.61,10,True,NV-BAND-IND003
BM-00991,ARM Cortex-M33,64,FLOAT32,1,60,3,27.5,1025,45.63,47.08,10,True,NV-BAND-IND003
BM-00992,ARM Cortex-M33,64,INT8,1,60,3,6.25,325,41.56,53.95,10,True,NV-BAND-IND003
BM-00993,ARM Cortex-M33,64,FLOAT32,1,60,3,27.56,1043,21.47,76.8,10,True,NV-BAND-IND003
BM-00994,ARM Cortex-M33,64,INT8,1,60,3,6.92,305,30.56,68.33,10,True,NV-BAND-IND003
BM-00995,ARM Cortex-M33,64,INT8,1,60,3,26.91,1069,30.69,87.22,10,True,NV-BAND-IND003
BM-00996,ARM Cortex-M33,64,INT8,1,60,3,7.05,349,27.81,55.09,10,True,NV-BAND-IND003
BM-00997,ARM Cortex-M33,64,INT8,1,60,3,27.92,966,38.0,65.9,10,True,NV-BAND-IND003
BM-00998,ARM Cortex-M33,64,INT8,1,60,3,7.15,300,20.95,65.76,10,True,NV-BAND-IND003
BM-00999,ARM Cortex-M33,64,INT8,1,60,3,24.77,1095,41.04,58.62,10,True,NV-BAND-IND003
